Region ;Year;GDP;PGDP;GDPShare;Population;UrbanPopulation;RuralPolulation;MFRatio ;LifeExpectancyTotal;LifeExpectancyMen;LifeExpectancyWomen;YoungerWorkingAgeShare;WorkingAgeShare;OlderWorkingAgeShare;BirthRate;MortalityRate;DeathWorkingAge;MortalityRateInfant;FertilityRate;Employees;LaborForce;Unemployment;Pension;Pensioners;SharePensioners;NominalSalary;Pincome;PSpending;PovertyRatio;Gini;ConsumerPriceIndex;FixedAssets;Depreciation;Investment;ForeignInvestment;Enterprises ;IndustryIndex;AgricultureIndex;ScientificOrganization;Scientists;DegreeScientists;RDExpenditure;PatentApplications;GrantedPatents;InnovationExpenditure;InnovationProduced;InnovationRatio;InnovationOrganizationRatio;TotalExport;TotalImport;HospitalBeds;HospitalBeds10000;HospitalBedsRatio;ClinicCapacity ;DoctorsTotal;Doctors10000;DoctorsRatio;Nurses Ratio;NursesTotal;Nurses10000;Abort1000Women;Abort100Birth;Diseases;Parasitic;Neoplasms;Blood;EndocrineSystem;NervousSystem;Eyes;Ears;CirculatorySystem;RespiratorySystem ;DigestiveSystem;Skin;Bones;GenitourinarySystem;CongenitalAnomalies ;Injuries;Camps;ChildrenRested;Emissions;PollutedWastewater ;Crimes;Homicides;JuvenileCrime
Астраханская область;2000;28155.7;27815.3;0.5;1009;67.9;32.1;1115;65.3;58.5;72.9;21.1;60;18.9;9.9;14.3;NaN;16.6;NaN;428.4;502;11.5;766.7;238;23.6;1898.7;1779;1506;33.4;0.3;116.6;110982;43.1;12438;420;15998;108.2;108.3;20;1669;199;169544;72;48;8.5;1.9;0;2.7;249.7;53;13.4;133.2;75.1;26.5;6.3;62.7;159.6;79.5;12.7;125.9;50;136;681.4;39.1;8.6;4.7;5.9;16.2;39;24.9;19.7;315.5;21.3;48.7;28.2;37.7;1.4;40.2;288;35.8;111;84;2114;216;857
Астраханская область;2001;32274.3;32037.2;0.5;1006;67.6;32.4;1121;65.2;58.7;72.7;20.4;60.7;18.9;10.5;14.6;NaN;16.3;NaN;426.7;512;10.5;1062.6;236;23.5;2660.9;2333;2052;31.1;0.3;121.6;158920;43.6;15616;1817;16008;104.5;108.4;21;1786;209;244884;110;8;6218;153;0;4.2;449.6;48.2;13.3;132.5;75.5;27.2;6.3;62.6;159.7;82.9;12.1;120.6;49;127;666.9;43.1;8.8;5;6.1;17.8;38.5;25.1;20.6;285.3;22.3;48.3;29;40.1;1.3;42.2;NaN;NaN;107;83;2174;184;890
Астраханская область;2002;40994.9;40786.8;0.5;1005;67.7;32.3;1127;65.2;58.9;72.5;19.7;61.6;18.7;11.6;15.3;NaN;13.7;NaN;429.8;486;11.1;1350.5;236;23.5;3530;3058;2767;26.2;0.3;114.5;177818;44.8;13301;32037;16549;104.3;104;21;1707;199;292658;93;53;1.9;1.8;3;2;234.5;116.1;13.1;130.4;76.7;26.9;6.4;64.1;156.1;81.6;12.3;122.6;46;109;687.2;39.7;8.4;6;7.8;16.8;40.5;26.1;23.5;287.9;25;46.7;32.7;40.3;1.5;44.2;NaN;NaN;117;78;2135;206;806
Астраханская область;2003;50659.8;50508.2;0.5;1001;67.7;32.3;1134;65.4;59.2;72.2;19;62;19;12.1;15.5;NaN;12.6;NaN;438;517;10.1;1616.5;234;23.4;4431.6;3864;3614;22.7;0.4;114.1;215272;52;17986;56117;17181;105.5;102.7;20;1716;212;289952;863;67;19.9;33.9;4.6;6.3;334.7;126.5;12.8;127.2;78.6;27.9;6.6;65.5;152.7;82;12.3;121.9;45;103;693.5;33.9;9.3;5.2;6.5;17.1;39.3;10.5;12.6;237.3;15.5;30.3;15.1;26.7;0.7;70.4;NaN;NaN;118;71;2320;208;951
Астраханская область;2004;56710.9;56725.9;0.4;998.2;67;33;1140;65.3;58.9;72.4;18.4;62.1;19.5;12.3;14.9;NaN;13;NaN;443.1;521;11;1858.1;233;23.3;5495.4;4538;4479;20.1;0.4;111.2;230042;49.1;18563;40255;17886;98.6;123.1;21;1625;217;350552;90;12;156.3;498.4;2;6.1;195.6;85.2;12.5;124.3;80.4;28;6.6;66;151.4;82.3;12.2;121.6;41;92;719.5;35.8;9.9;5.2;7.4;16.5;40.2;10.9;12.4;222.3;18.9;29;16.6;27.2;0.8;67.9;NaN;NaN;123;71;2700;193;1085
Астраханская область;2005;70127.6;69814;0.4;994.2;67;33;1146;65.4;58.4;73;17.9;62.3;19.8;12.1;15.4;804.6;13.1;1.5;445;494;12;2325;233;23.4;6884.2;5683.3;3725;19.3;0.4;114.3;275408;52.6;21642;32325;19100;111.1;90.5;21;1621;227;396.4;124;68;45.2;408.9;1.1;9;247;152.1;11.7;117.2;85.3;29.1;6.6;65.7;152.2;84.6;11.8;118.1;42;95;705.9;29.5;9.5;4.4;7;16.7;34.1;26.3;24.3;275.5;24.6;48.9;31.9;40.8;1.7;85;298;29.3;131;68;2828;218;1182
Астраханская область;2006;85112.1;84950;0.4;994.1;66;34;1145;66.1;59.8;73;17.3;62.7;20;12.4;14.6;NaN;10.7;NaN;449.9;537;7.9;2590.7;233;23.4;8157.9;7089.6;4810;17.3;0.4;111.3;315059;50.1;29383.2;62539;18123;119.5;114.9;21;1444;252;461517;122;95;25.6;99.5;0.2;3.7;299.1;230.5;11.6;116.2;86.1;27.6;6.7;66.6;150.1;85;11.8;117.7;30;67;736.3;35.3;10.4;5.4;10.3;22.5;39;27.1;30.2;274.8;26.9;48.7;36.1;44.2;2.1;82.4;NaN;NaN;117;73;2965;190;1340
Астраханская область;2007;100359.2;99999.4;0.4;1000.9;66.9;33.1;1142;67;60.7;73.8;17.2;62.7;20.1;13.4;14;NaN;9.8;NaN;457.9;522;8.9;3351.1;235;23.5;9866.9;8691.4;6182;16.3;0.4;114.3;367910;49.6;49969.6;41564;28389;123.1;126.6;20;1859;589;330333;170;109;397.7;127.3;0.2;7.1;756.4;253.6;11.4;113.6;88.1;27.3;6.7;66.2;151.1;86.6;11.6;115.5;29;58;726.6;32.6;9.6;5;10.8;20.8;36.5;25.7;26.6;285.7;25.5;49.5;36.5;43.4;2.2;78.1;NaN;NaN;129;72;3159;174;1392
Астраханская область;2008;147549.1;146391;0.4;1005.2;65.7;34.3;1139;68;62;74.1;17.2;62.5;20.3;14.1;13.5;NaN;8.4;NaN;463;535;7.5;4106.5;236;23.5;12339.8;11120.1;8272;16.3;0.4;113;466376;44.8;65226.1;27536;18858;70.8;127.1;14;1047;208;294112;139;106;558.9;320.8;0.3;6.9;1321.3;240.3;10.2;100.8;99.2;27.5;6.7;66.7;150;86;11.7;116.3;28;53;717.6;30.1;8.6;4.7;8.6;19.8;34.9;24.7;28.8;280;26.3;45.2;38.8;46.6;2;85;NaN;NaN;125;73;3125;123;1295
Астраханская область;2009;134418.2;133018.5;0.4;1007.1;65.8;34.2;1137;68.3;62.5;74.2;17.4;62;20.6;14.1;13.3;NaN;8.2;NaN;446.3;529;10;5569.2;238;23.6;14095.7;13023;9037;15.1;0.4;109;529736;46.4;63091;51933;17786;142.7;106;14;942;212;365950;176;150;273.2;416.1;0.6;8.4;457.5;428.2;10.4;103.2;96.9;27.4;6.9;67.9;147.3;85.6;11.8;116.8;27;51;780.7;32.9;9.5;4.5;7.9;22.9;34.5;32.5;27.1;336.6;27.2;47.2;40.3;43.2;2.4;77.6;292;28.4;103;71;2982;102;1112
Астраханская область;2010;144888.8;143388.8;0.4;1010.4;66.7;33.3;1134;69.1;63.3;75;17.5;61.4;21.1;14.2;13.5;614;7.7;1.8;447.7;525;8.2;6825;242;24;15367.9;14697;10697;14.1;0.4;109.8;623538;46.3;59863;43.9;18204;137.9;102.4;23;917;202;369.5;148;115;1303.2;1682.3;3.1;12.8;380.8;310.3;10.3;101.8;98.2;28.4;6.9;68.2;146.6;86.8;11.6;115.2;26;48;744.4;29.2;10.1;4.4;6.8;19.7;32.4;32.1;26.3;307.6;25.6;46.3;38.7;42.5;2.5;82.9;283;26.8;125;69;2574;108;822
Астраханская область;2011;172616.6;170504.7;0.4;1015;67.5;32.5;1123;69.8;64.2;75.6;17.8;60.8;21.4;14.2;13;600;7.2;1.8;448.5;532;8.8;7406;245;24.1;17022.8;16032;12374;14.2;0.4;105.2;747640;47.5;69023.7;63;17880;119.6;111;36;966;213;612;131;166;1241.4;2750.3;2.8;5.2;657.1;276.3;10.8;106.6;93.8;28.8;7.1;70.3;142.2;86.1;11.8;116.2;24;44;739;29.2;10.6;3.6;8.5;19;25.8;33;26.1;322.7;23.5;45;36.5;41.6;2.5;71.7;369;33.3;132;71;2241;108;905
Астраханская область;2012;209654.4;206677.1;0.4;1013.8;67.7;32.3;1126;70.4;64.9;75.8;18.3;59.8;21.9;15.1;12.7;563.4;9.3;1.9;442.5;518;7.9;8162;249;24.6;19522.1;17789;14003;12.5;0.4;106.1;808160;47.5;81664.7;-13;17952;96.7;102.9;17;1014;237;572.9;135;114;1106.4;863.4;0.7;5.8;622.7;416.1;10.4;103;97.1;28.3;6.7;65.7;152.1;82.6;12.3;121.1;24;40;703;29.8;10.9;3.2;7.8;18.4;43;34.7;23.8;302.8;22.4;37.2;35.2;44.1;2.4;58;359;31.5;134;56;2045;109;732
Астраханская область;2013;273917.1;269821.7;0.5;1016.5;67.8;32.2;1123;71.3;65.9;76.7;18.7;59;22.3;14.8;12.2;508.7;8.6;1.9;436.9;535;7.5;8917;252;24.8;22735.8;19777;15706;12;0.4;106.4;850132;47.7;122618.4;34;18515;121.2;118.3;20;1083;249;568.8;140;113;1111.8;3045.9;1.8;9;884.3;525.3;10;98.7;101.3;28.1;6.7;65.8;152;84.3;12.1;118.7;21;34;681.6;23.5;11.5;3.4;10.9;16.6;41.7;35.2;31.3;277.8;20;29.4;31.1;45.2;2.5;64.1;306;27.8;130;52;1704;63;684
Астраханская область;2014;296319.3;290822.2;0.5;1021.3;67.9;32.1;1118;70.8;65.5;76;19.2;58.1;22.7;14.9;12.6;544.1;9.8;2;436.4;532;7.5;9626;256;25.1;24575.8;22169;17288;12;0.4;110.7;912746;50.8;116856.1;-164;18736;118.6;102.3;20;904;286;549.9;120;101;3669;8998.4;4.9;12.4;994.3;497.4;9.8;95.9;104.2;27.8;6.6;64.4;155.4;86;11.9;116.3;20;32;669.1;21.2;10.6;3.8;13.6;16.1;38.2;35.6;41.5;266.8;22.9;27.2;28.6;47;2.5;57.6;297;22.9;118;50;1551;58;481
Астраханская область;2015;322303;315996.9;0.5;1018.6;66.5;33.5;1125;71.4;66.1;76.6;19.8;57;23.2;14.5;12.3;537.3;8;2;479.8;529;7.5;10684;259;25.4;25498.7;23832.2;19865;14.2;0.4;112.6;1053750;49.6;113168.8;-13;18904;108.7;102.3;25;933;287;563.1;127;118;2151.6;11047.8;5.4;12.1;416.7;264.5;9.6;94;106.4;27.6;6.2;60.8;164.5;81.3;12.5;122.9;18;29;620.6;16.6;8.9;3.2;16.4;15.6;33.9;30.3;34.4;258.7;26.9;19.5;24.8;32.8;3.4;62.6;245;21;119;41;1448;66;599
Астраханская область;2016;368485.4;361704.8;0.5;1018.9;66.5;33.5;1124;72.2;66.9;77.7;20.5;56.1;23.7;14;12;509.2;5.7;1.9;473.7;523;7.6;15975;262;25.7;27493.3;22840.5;17684;16.2;0.4;104.7;1357230;52.5;117999.3;110;18093;111;101.2;24;692;217;458.5;119;76;3894.4;13179.9;5.8;9.7;320.8;357.7;9.4;92.3;108.4;27.6;6.3;61.4;162.8;82.6;12.3;121.1;19;32;646.7;19.2;9;3.2;20.3;15.4;37.9;32.3;29.3;281;26.1;17.8;25.1;39;4.2;61;246;23.2;127;51;1364;60;378
Астраханская область;2017;442608.8;434701.5;0.6;1017.5;66.6;33.4;1122;73.4;68.4;78.1;20.4;55.4;24.2;12.1;11.4;441.3;5.9;1.7;487.6;536;7.4;11641;262;25.7;29599.2;22884;17944;16;0.4;102.1;1498692;50.1;146660;11;17139;152.6;109.9;24;653;199;549.4;116;87;1098.3;696.1;0.2;7.7;357.7;159.6;9;88.3;113.3;28;6.3;61.9;161.6;83.8;12.1;119.4;20;39;596.1;17.2;8.6;3.3;17.8;13.5;32;29.2;31;269.5;20.7;14;23.4;31.8;4.7;56.6;241;17.9;103;49;1319;55;320
Астраханская область;2018;579210;570206.4;0.6;1014.1;66.8;33.2;1120;73.5;68.8;77.9;20.5;54.9;24.6;11.6;11.6;417.8;6;1.7;470.7;513;7.5;12517;266;26.2;33630.1;23669.7;20273;15.1;0.4;104;1653054;50.1;106674.2;13;15946;116.3;108.7;23;637;193;515.8;99;116;1787.1;642.4;0.1;10.4;951.1;646.8;9;88.6;112.9;28.4;6.2;61.2;163.3;88.5;11.5;113;17;35;617.5;17.7;8.6;3.4;20.7;15.7;29.9;27.9;27.5;279.8;28.4;16.3;24.7;33.7;5.4;55.3;NaN;NaN;33;49;NaN;49;384
Астраханская область;2019;602306.7;596388.2;0.6;1005.8;66.7;33.3;1122;73.9;69;78.6;20.5;55.6;23.9;10.9;11.3;422;6.4;1.7;461.7;507;7.6;13251;263;26.1;36093.4;24971.3;21558;15.5;0.4;102.6;2071002;52.1;104280.2;5;14772;103.7;101.8;26;837;235;815.9;104;102;2673.4;1329.7;0.3;7.2;507.3;131.6;8.6;86;116.3;27.8;6.2;61.2;163.3;89.5;11.2;111.7;17;35;611.9;15.1;8.5;3.1;21.8;17.7;31;26.7;26.8;276.5;24.7;14.8;26.5;34.8;4.9;54.6;NaN;NaN;104;36;NaN;NaN;NaN
Астраханская область;2020;NaN;NaN;NaN;997.8;66.6;33.4;1122;72;67.5;76.4;20.6;55.1;24.3;10.9;13.6;500.3;5.8;1.7;444.2;503;7.9;13970;259;26;39037.2;25150;20610;15.6;0.4;104.9;2163641;55;111602.7;6;13597;97.2;102.3;25;688;180;664.9;107;79;2583.7;699.2;0.2;5.3;657.3;335.9;8.6;86.7;115.4;28.1;6.2;62.1;160.9;86.9;11.5;115.1;15;32;608.3;11.9;7.5;2.4;13.5;15.2;25.3;24;28.5;302.8;19.4;12.7;20.7;28.4;3.1;47.5;NaN;NaN;112;30;NaN;NaN;NaN
Волгоградская область;2000;63767.1;23340.8;1.1;2725;74.9;25.1;1142;66.4;60.1;73.4;18.8;59.1;22.1;8.2;15.2;NaN;17.4;NaN;1103.9;1295;9.7;801.7;735;27;1690.4;1578;1455;34.9;0.3;119.2;227818;50;11516;139538;55948;111.6;110.6;63;4797;406;331211;346;204;2506.2;1804;3.7;15.9;869.8;252.7;32.6;119.5;83.7;65.5;12.6;46.3;216.2;98.6;27.6;101.4;54;175;698.8;42.8;8.4;3;5.3;12.6;28.1;21.1;14.7;319.1;34.8;46.8;27.8;41.5;1.6;73.4;606;90.2;363;217;1929;558;2816
Волгоградская область;2001;82919.7;30513.2;1.2;2710;75.1;24.9;1146;65.9;59.8;72.7;18.1;59.6;22.3;8.5;15.6;NaN;17;NaN;1190.9;1282;9.8;1113.9;736;27.2;2392.5;2163;1998;29.3;0.3;120.5;279884;50.8;16320;82761;57704;105.7;117.6;62;4994;412;426306;491;85;2318294;1325.7;7.2;15;735.7;272.1;33.1;122;82;65;12.4;45.9;217.8;100.3;27;99.7;45;135;698.2;48.2;8.1;3;5.8;13;28;23.7;16.5;300.5;26.1;49.9;27.3;44.4;1.5;81.5;NaN;NaN;376;212;1987;641;2812
Волгоградская область;2002;104341.2;38617.7;1.2;2694;75.2;24.8;1151;66.2;60;73.1;17.4;60.3;22.3;9.1;15.9;NaN;13.4;NaN;1202.7;1327;8.4;1425.3;725;26.9;3132.7;2952;2838;26.8;0.3;117;360671;52.8;19348;178597;60061;103.8;102;56;4679;370;487923;406;263;1827.4;513;5.2;12.6;1293.1;286.6;32.8;121.7;82.2;65.6;13;48.4;206.5;94.8;28.4;105.5;54;152;698.2;45.6;9.3;3.3;7.3;12.7;30.3;23;19.1;290.9;27;49.1;29.2;47.2;1.9;80;NaN;NaN;226;206;1750;654;2273
Волгоградская область;2003;128622.2;47934.1;1.2;2673;75.2;24.8;1156;66.4;60.3;73;16.8;61;22.2;9.3;16.1;NaN;14.7;NaN;1239.6;1301;11;1709.3;721;27;3989.3;3803;3679;21.4;0.4;110;450274;56.6;22154;44628;61151;104.5;103;52;4580;411;601166;394;341;2094.5;1217.7;5.3;17.2;1642.9;2087.2;32.2;120.6;82.9;62.3;12.6;47.1;212.1;99.2;26.9;100.8;42;120;719.2;39;8.4;3;6.5;11.9;31.1;27.2;25.7;395.5;27.6;46.3;30.7;42.3;1.7;46.5;NaN;NaN;224;202;1738;559;2314
Волгоградская область;2004;154337.7;57928;1.1;2655;75.3;24.7;1161;66.9;60.8;73.6;16.4;61.4;22.2;9.6;15.4;NaN;14.5;NaN;1243.6;1362;9.4;1970.7;716;27;4885.1;4648;4619;18.4;0.4;111.1;471474;53.3;28166;82139;61705;105.9;112.1;49;4298;413;762934;454;44;3110.5;1427.7;1.3;15.8;1381.1;411;31.8;119.9;83.4;62.8;12.8;48;208.2;99;26.8;101;52;147;728.6;40.4;8.6;2.9;7.4;12.6;32.7;27.2;26.6;274;26.4;48;34.4;43.1;1.7;82;NaN;NaN;224;208;1701;518;2312
Волгоградская область;2005;203232.2;76740.6;1.1;2640;75.4;24.6;1165;67;60.7;73.8;16;61.7;22.3;9.4;15.7;722.5;11.3;1.2;1254.3;1319;6.8;2460;715;27.1;6160;5908;4294;17.2;0.4;114.7;540678;53.6;42736;16392;63277;113.5;100;45;4157;416;737.6;455;360;5189.9;9626.7;4.5;14.3;2067.2;546.4;31.5;119.4;83.8;63;12.7;48.1;207.7;99;26.7;101;49;141;716.7;33;8.9;2.9;6.6;12;30.6;25.3;22.3;286.7;25.6;55.1;25.5;51.2;1.6;76.3;601;85.1;221;204;2046;421;2270
Волгоградская область;2006;252142.7;95683.4;1.1;2620;75.3;24.7;1166;67.8;61.6;74.4;15.7;61.7;22.6;9.8;15.2;NaN;11.2;NaN;1256.2;1356;8.6;2744.1;715;27.3;7746.6;7911;5287;11.9;0.4;108.9;621663;50.1;72847;29922;48169;113.1;97.1;42;4017;409;1099831;510;436;5634.2;2396.6;0.9;10.8;2679.9;501.5;31.1;118.4;84.5;62.6;13;49.3;203;98.2;26.8;101.9;48;132;738.3;44;9.4;3;8.1;12;33.1;25.4;21.4;281;24.4;71.8;26.9;53.3;1.6;72.2;NaN;NaN;221;217;2418;552;2116
Волгоградская область;2007;331766.8;126313.1;1.2;2623.1;75.7;24.3;1166;68.8;62.9;75;15.5;61.6;22.9;10.7;14.6;NaN;10.9;NaN;1258.4;1367;6.4;3535.5;713;27.2;9770.2;9453;6698;13;0.4;111.7;879288;49.4;64953.7;184266;49503;102.4;97.7;48;4553;562;1768947;575;341;6756.6;2441.1;0.6;11.3;3119.1;858.9;30.9;117.8;84.9;66.5;13.2;50.4;198.3;96.5;27.2;103.6;46;116;699.7;38.3;9.3;2.9;8;11;29.5;24.3;18.2;277.3;22.5;58;24.7;50.9;1.7;76.2;NaN;NaN;227;203;2111;299;1842
Волгоградская область;2008;416678.5;159001.5;1.2;2618.1;75.6;24.4;1165;69;63;75.2;15.5;61.3;23.2;11.2;14.4;NaN;12;NaN;1258.8;1321;8.1;4349.2;713;27.2;12001.8;10903;8458;13.7;0.4;113.1;1047580;51.6;88440.7;81804;53277;99.9;126.5;39;3657;290;1897138;469;424;7691.7;28874.4;7.1;9.5;4166.3;990.3;27.4;104.7;95.5;68.4;13.2;50.5;197.9;101.2;25.9;98.9;45;105;693.4;37.2;8.8;2.6;8;10.2;28.1;22.8;21.3;275.4;23.5;54.8;23.5;53.1;1.9;77.8;NaN;NaN;221;218;1971;279;1737
Волгоградская область;2009;377514.3;144303.4;1.2;2614.2;75.7;24.3;1163;69.5;6361;75.5;15.5;60.9;23.6;11.3;14.4;NaN;9.8;NaN;1254.2;1343;10.4;5868.5;722;27.6;13256.5;12593;9345;12.9;0.4;108.8;1115884;52.4;75591.5;225420;55319;90.3;89;37;3965;424;2305573;520;476;5564.8;41574.4;12.2;8.4;2192.2;695.5;29;111.1;90;66.5;13.2;50.6;197.7;97.4;26.8;102.7;42;96;713.6;29.2;9.2;2.6;7.6;10.3;27.9;24.8;22.4;316.4;23;45.9;24.5;50.1;2;77.5;563;68.9;195;200;1908;288;1502
Волгоградская область;2010;433473.7;166028.8;1.2;2607.5;76;24;1160;69.7;64.1;75.3;15.6;60.4;24;11.3;14.7;585.1;9.8;1.4;1229.7;1324;8;7227;733;28.1;14856.1;13775;10210;14;0.4;109.5;1200283;54;78430.9;222;56497;106.1;84.9;42;4001;424;2606.6;481;355;3260.1;59594.4;13.5;8.4;2565.2;954.1;28.4;109;91.8;66.5;13.2;50.5;198;100.2;26;99.8;38;87;710.2;29.8;10.5;2.4;7.7;10.1;26.9;26;22.3;302;24.1;49.3;22.3;49.1;1.9;80.5;582;72.3;201;186;1731;259;1319
Волгоградская область;2011;508433.3;195463.7;1.1;2564.8;76.1;23.9;1161;70.5;64.9;76.1;15.7;59.8;24.5;11.2;13.8;561.7;9.1;1.4;1226.1;1335;6.9;7846;739;28.8;16191.5;14519;11574;15.1;0.4;105.3;1346669;54.5;104080.2;-92;52909;103;127.5;42;3988;367;3229.5;448;414;5231.7;27149.7;5.2;7.9;3493.9;1291.9;27.7;106.7;93.7;66.4;13.1;50.5;198;101.2;25.7;98.9;37;85;708.6;28.6;9.7;2.3;8.5;10.1;26.7;26.4;20.4;321.8;24.3;42;21.9;46.7;2;75.5;758;79.2;178;150;1538;244;1060
Волгоградская область;2012;571516.1;220755.1;1.1;2583;76.3;23.7;1162;71;65.3;76.7;16;59;25;11.7;13.6;533.1;11.1;1.5;1252.9;1332.3;6;8643;745;28.8;18583.7;16011;16010.6;13.6;0.4;106.6;1462441;56.6;136153.8;-399;53201;104.8;88.8;38;3639;372;3669.5;437;380;6675.6;4332.8;0.8;7.1;4505.9;1407.1;26.9;104.1;96.1;67.9;12.2;47.2;211.7;100;25.8;100;34;73;699.8;30.7;9.4;2.3;7.9;9.9;26.4;25.9;22.8;294.1;24.5;43.7;20.7;49.4;2;80.8;723;74.6;171;144;1512;199;1264
Волгоградская область;2013;607472.2;235814.1;1.1;2569.1;76.4;23.6;1161;71.4;66.1;77.3;16.3;58.2;25.5;11.5;13.5;514.6;9.9;1.5;1253.2;1345.9;6.6;9427;750;29.2;21045.9;18067;17589.6;13;0.4;105.4;1570668;56.5;140680.1;189;54679;101.5;108.9;45;3568;398;5294.1;475;406;6983.5;4976.2;0.8;7.3;4621.3;1225.8;24.7;96.2;103.9;66.5;12.4;48.2;207.7;98.5;26.1;101.6;33;71;720.1;28.8;9.3;2.4;7.5;10.2;28.1;27;31.4;305.2;26.1;47.8;20.7;51.8;1.6;81;755;87.3;173;141;1417;191;1207
Волгоградская область;2014;715409.6;279101.4;1.2;2557.4;76.5;23.5;1161;71.6;66.1;77.2;16.6;57.4;26;11.6;13.7;525.9;7.9;1.6;1230.3;1316.4;6.6;10204;753;29.4;22827.6;19388;19055.7;13.6;0.4;112;1735392;57.4;182797.9;163;55463;102.4;107.1;47;3732;406;8123.8;449;425;38731.1;12252;0.7;5.6;7276.1;1761.6;22.6;88.5;113;66.5;12.3;48.2;207.4;97.1;26.3;103;31;65;671;26.7;9.6;2.5;6.9;9.7;27.6;25.5;26.8;285.2;22.6;49.3;19.6;47.4;1.6;76.8;726;84.3;154;123;1421;161;1042
Волгоградская область;2015;740458;290186;1.1;2545.9;76.7;23.3;1161;72;66.7;77.4;16.9;56.6;26.5;11.5;13.8;515.8;6.6;1.6;1176;1308;7.2;11305;762;29.9;24360.7;22103;21718.8;14.2;0.4;113.2;1818202;57.9;200190.7;288;55719;101.1;94.5;53;3957;548;3417.8;492;431;30705.2;17281.1;2.5;6.8;2052;1036;22.8;89.5;111.8;66.8;11.2;43.9;227.7;94.1;27.1;122.9;30;63;644.3;23.6;8.6;2.3;13.4;8.1;25.4;23.3;28.1;279.3;21.8;45.3;17.8;38.8;1.4;78.6;722;84.6;160;104;1634;162;1149
Волгоградская область;2016;825586.5;324961.1;1.1;2535.2;76.8;23.2;1161;72.5;67.3;77.6;17.1;56;26.9;11.2;13.7;498.5;5.8;1.6;1147.6;1288.6;6.8;16641;766;30.2;26554.1;21419;21419.4;14.4;0.3;105.1;2069566;56.4;183642.1;-160;51222;107.9;114.5;46;4026;499;3447.7;419;354;17160;38283.1;0.6;6.6;1315.4;670.8;22.2;87.5;114.3;66.1;11.2;44.4;225.4;95.1;26.7;121.1;27;57;643.5;22.6;8.4;2.6;15.1;8.4;24.1;24.1;27.6;292.7;22.5;45.3;16.7;35.2;1.2;76.6;695;85.5;161;105;1525;107;939
Волгоградская область;2017;850263.7;336306.7;1.1;2521.3;77;23;1159;73.5;68.6;78.2;17.2;55.4;27.4;10;13.1;447.6;4.2;1.4;1124.6;1270.1;6;11283;766;30.4;27961.9;22037;22037.2;13.6;0.3;102.4;2180917;56.1;191709.7;-2;46631;113.5;102.4;44;3869;442;3547.6;491;468;5060.4;25053.7;0.6;4.7;1552.2;715.9;22;87.3;114.6;66.3;11.2;44.6;224.2;96.4;26.2;103.8;19;45;665;25.2;8.2;2.7;16.8;9.4;24.7;24.3;27.2;300.9;24.4;49.2;20.5;33.4;1.3;75.6;707;81.5;138;89;1577;119;800
Волгоградская область;2018;927811.7;369000.4;1;2507.5;77.1;22.9;1158;73.5;68.5;78.3;17.2;54.9;27.9;9.4;13.3;457.6;5.1;1.4;1140.6;1290.6;5.6;13316;771;30.7;30893.8;22813;22813;13.4;0.4;104.3;2326149;55.8;183096.5;14;43364;108.2;96.3;43;3695;447;3541.3;430;381;7127.1;20764.3;2.2;8;1933.2;910.7;22;87.7;114;65.3;11.3;45.1;221.8;101.8;24.6;113;16;40;690.1;24.4;8.3;2.7;12.5;8.4;27.5;24.9;30.2;318.1;27.9;49.1;20.8;35.4;1.4;79.8;NaN;NaN;145;84;NaN;122;653
Волгоградская область;2019;961413.3;384677.3;1;2491;77.3;22.7;1157;74.1;69.1;78.8;17.1;55.9;27;8.4;13.1;438.2;4.8;1.3;1104.9;1240;5.3;14111;760;30.5;33370.5;24158;24158.5;12.9;0.3;103;2620585;53.3;186267.5;36;38344;98.5;108;43;3582;388;3727.9;433;423;10654.1;29336.5;2.7;4.9;1560.2;779.5;22;88.2;113.4;66.4;11.3;45.3;220.6;102.9;24.2;111.7;15;41;691.6;23.2;8;2.4;13.3;9.4;29;25.6;27.8;316.8;26.2;51.9;20.2;32;1.4;86.5;NaN;NaN;144;85;NaN;NaN;NaN
Волгоградская область;2020;NaN ;NaN ;NaN ;2474.6;77.4;22.6;1155;72;67.1;76.8;17.1;55.7;27.2;7.9;15.9;519.8;5.5;1.3;1072.6;1246.3;7.6;14902;743;30;35961.9;24864;20378;12;0.3;104.9;2830578;54.2;189855.5;-35;35512;99.4;101.3;50;3611;380;3904;458;396;5139;22980.7;2.2;7.7;1887.8;648.8;21.6;87.3;114.5;67.1;11.3;45.7;219;105.5;23.5;115.1;14;40;675.1;17.4;8.4;2.3;10.4;9.5;23;23.6;23.9;332;26.7;33.9;17.2;26.9;1.1;76.8;NaN;NaN;175;92;NaN;NaN;NaN
Ростовская область;2000;88955;20003.8;1.6;4439;67.6;32.4;1148;66.5;60.6;72.8;18.5;58.9;22.6;8;15.2;NaN;18.2;NaN;1836.7;2062;15;784;1274;28.7;1360.5;1653;1390;33.1;0.3;116.1;326991;48.8;22361;91089;87662;131.7;109.4;111;17581;1254;1175597;567;363;351.6;692;1.5;10.4;709.2;519.6;45.2;101.7;98.3;98;16.1;36.2;276.5;111.3;39.9;89.9;42;138;686.2;28.5;9.2;2.8;6.7;19.7;34.7;22.6;19.8;302.6;31.8;43.8;30.9;49.4;1.7;76.9;529;110;195;298;1325;727;3066
Ростовская область;2001;126080.6;26817.8;1.8;4417;67.6;32.4;1151;66.2;60.3;72.6;17.7;59.6;22.7;8.2;15.6;NaN;16.4;NaN;1879.8;2032;12.9;1105.4;1280;29;2092.2;2271;2293;30.8;0.4;122.3;400418;49.9;28876;84004;91254;121.8;121.3;110;16587;1191;1200039;841;150;455614;707.9;2.7;9.3;835.4;647.2;44.9;101.6;98.4;97.7;15.8;35.9;278.8;113.7;38.8;87.9;42;132;697.1;29.5;10.2;2.9;7.4;21.3;34.8;24.9;22.5;286.5;32.2;52.5;33.6;39.3;1.9;80.4;NaN;NaN;189;287;1859;717;2992
Ростовская область;2002;148279.2;31941.7;1.7;4396;67.6;32.4;1154;66.2;60.3;72.7;16.9;60.4;22.7;8.8;16.1;NaN;15;NaN;1895;2058;11.3;1393.7;1279;29.1;3002.1;3026;3109;27.9;0.4;118.5;477972;51.2;29049;111871;94497;109.3;105;104;15688;1151;1672934;573;405;1017.6;1078.6;7.8;10.9;1012.2;681.4;44.6;101.4;98.6;97.6;16.2;36.8;271.5;110.4;39.8;90.6;41;119;743.8;30.3;12.2;3.6;8.9;22.2;38.8;26.4;27.2;290.9;36.4;33.6;39.3;53.7;2.5;82.7;NaN;NaN;164;418;1752;635;2426
Ростовская область;2003;183425.8;39180.4;1.7;4366;67.6;32.4;1157;66.5;60.6;72.8;16.4;61;22.6;9.2;16.3;NaN;14.2;NaN;1881.7;2101;12.6;1666.5;1260;28.9;3806.1;4024;4067;23.2;0.4;112.2;600908;53.1;39376;223500;99231;111.5;98;98;15139;1109;2333865;739;572;1337.2;696;6.6;12.5;1320.1;926.1;43.1;98.5;101.6;96.6;16.1;36.8;272;112;39.1;89.3;35;103;768.2;26.9;11.8;3.1;8.9;22.7;32.8;25.9;29;302.8;35.2;50.6;36.3;68.2;1.7;78;NaN;NaN;149;337;1379;676;2623
Ростовская область;2004;221167.4;50678.6;1.6;4334;67.1;32.9;1160;66.7;60.8;73.1;16.1;61.3;22.6;9.5;15.8;NaN;13.6;NaN;1894.4;2200;8.6;1912.3;1248;28.8;4794.5;5038;5097;19.5;0.4;113.8;6496308;39.1;43487;263010;102794;117.2;123.4;96;15450;1131;3132638;763;606;2294.7;4072.4;3.3;11.8;1570.8;1631.7;43.8;100.7;99.3;95.5;16;36.8;271.8;113;38.5;88.5;33;94;773.7;27.3;11.7;3.2;9;24.3;36.5;28;27.8;294.9;37.1;52.5;38.4;75.6;1.1;77.8;NaN;NaN;132;318;1559;580;2688
Ростовская область;2005;263051.5;60575;1.5;4332.4;66.7;33.3;1161;67;61.1;73.3;15.8;61.6;22.6;9.1;15.8;686;14.9;1.2;1898.6;2126;8.5;2391.5;1238;28.6;5945;6360;4821;18.3;0.4;114.7;746866;40.6;60145;412030;107115;116.1;96.8;100;15713;1156;3855.6;759;597;1861.2;6089.5;3.9;11.2;1816;2047.5;43.6;100.6;99.4;96.7;16.2;37.5;266.6;113.2;38.3;88.3;31;91;795.3;24.7;10.5;3.5;9.4;25.8;35;29.1;29.9;322.9;36.6;51.1;39.1;76.7;0.9;85.3;633;103.4;146;282;1555;597;3081
Ростовская область;2006;340012.5;78642;1.5;4315;66.8;33.2;1161;67.6;62;73.4;15.5;61.7;22.8;9.5;15.4;NaN;13.2;NaN;1903.6;2132;8.1;2667.7;1238;28.7;7568.9;7483;5964;18.5;0.4;113.3;830392;44.3;95629;389482;93834;115.8;99.6;97;15917;1152;4466.1;895;783;1373;7696.7;2.7;10.7;2092.1;2782.7;43.6;101;99;96.5;16.6;38.4;260.4;110.7;39;90.3;30;84;809.3;24.3;10.9;3.4;10.7;27.3;39.3;29.4;34.2;308;39;39;42.3;73.3;0.9;79.7;NaN;NaN;174;271;1844;498;3242
Ростовская область;2007;450434.7;104603.1;1.6;4298;66.8;33.2;1161;68.4;62.7;74.2;15.2;61.7;23.1;10.1;14.8;NaN;12.5;NaN;1915.1;2194;6.7;3443.9;1223;28.5;9779.6;9539;7814;16;0.4;153.6;1007353;43.4;135130;867413;95180;114.5;128.1;106;16471;1347;6002.8;783;655;4211.4;11143.6;2.9;11.4;2965;4626.3;43.3;100.8;99.2;96.5;16.6;38.6;259;109.7;39.2;91.2;29;76;803.8;23.8;10.8;3.4;12.5;27.6;41.1;29.9;32.4;308.9;36.6;49.9;42.9;76.6;1;83.9;NaN;NaN;163;300;1993;367;3239
Ростовская область;2008;576125.7;134137.4;1.7;4292;66.9;33.1;1161;68.9;63.3;74.5;15.1;61.6;23.3;10.7;14.9;NaN;10.1;NaN;1930.6;2227;6.4;4234.3;1220;28.4;12539;12028;10250;14.9;0.4;93.6;1165933;42.2;193713;1096856;98083;105.1;139.5;99;15802;1080;5846;930;710;4240.2;16658.1;4.2;9.4;3721;5966.8;39.6;92.3;108.3;95.9;16.2;37.7;265.4;112;38.3;89.3;29;71;785.5;23.9;12.4;3.6;11.2;26.9;37.2;28.9;32.4;305.8;37.3;47.3;40.2;72;1;83.9;NaN;NaN;185;265;2148;358;3055
Ростовская область;2009;555917.1;129626;1.7;4285;67;33;1161;69.5;64.1;75;15.1;61.2;23.7;10.8;14.5;NaN;9.1;NaN;1901.5;2199;8.4;5730.5;1230;28.7;13882.5;12800;10010;16;0.4;97.9;1331221;42;170845;742020;89981;84.5;87.8;101;15883;1382;6012.1;982;824;2123.7;18268.1;5.5;7.8;2470.4;3066.4;38.7;90.4;110.6;95.9;16.3;38.1;262.6;109.4;39.2;91.4;26;64;810.8;23.3;15.3;3.4;10.3;24.3;36;30.5;29.6;330.4;41.7;52;40.5;70.4;1;84.1;963;120.3;175;255;2027;322;2428
Ростовская область;2010;659667.4;154127.9;1.8;4275.2;67.2;32.8;1161;69.7;64.3;75.2;15.1;60.8;24.1;10.9;14.7;581.9;7.6;1.4;1895.7;2163;7.7;7057;1236;28.9;15244;14647;11685;14.9;0.4;123.8;1514042;42.5;159038;609.8;90703;114.4;97.9;100;16402;1335;6668.4;887;758;3830.9;19185;4.8;7.3;3300.5;4057.6;37.3;87.2;114.7;98.8;16.5;38.6;259.3;109;39.2;91.8;24;57;790.4;20.9;14.4;3.3;10.5;23.4;33.6;31.2;29.7;322.9;38.9;45.6;41.3;65.4;0.8;83.2;970;146.5;176;270;1631;300;1842
Ростовская область;2011;765967.2;179470.3;1.7;4260.6;67.6;32.4;1158;70.3;64.9;75.7;15.3;60.2;24.5;10.9;13.8;560;7.6;1.4;1902.2;2170;7.3;7662;1243;29.2;16950;16010;13603;15.2;0.4;102.6;1730819;43.5;165978;267;91802;119.3;126.6;109;16178;1517;8005.4;861;758;4894.2;25154.9;4.9;6.6;5140.3;5214;38.7;90.8;110.1;99.3;17;39.8;251.2;106.9;39.9;93.5;22;53;816.9;20.1;11.3;3.2;10.9;23.5;36.8;32.8;30.1;346.4;42.3;39.2;40.4;65.2;0.9;87.1;956;132.6;154;235;1386;285;1744
Ростовская область;2012;843560.3;198129.2;1.7;4254.6;67.6;32.4;1157;71;65.8;76.1;15.5;59.6;24.9;11.7;13.6;514.8;9.1;1.5;1912.4;2160;6;8442;1253;29.5;19189;18107;15619;12.9;0.4;122.2;1880446;43.9;207935;92;87457;107.8;122.2;101;12310;1335;9319.7;993;768;18412;40543.1;7.1;8.7;5717;4957;38.2;89.8;111.3;100.3;17.1;40.3;248.3;107.6;39.5;92.9;20;43;819;21.2;11.4;3.2;10.7;23.4;39.1;33;31;338.8;38.8;42.2;40.5;66.6;1;92.6;932;136;200;253;1232;279;1346
Ростовская область;2013;917689.1;215923.2;1.7;4245.6;67.7;32.3;1157;71.4;66.3;76.3;15.8;58.8;25.4;11.7;13.5;501.6;9.5;1.5;1913.6;2138;6;9204;1265;29.8;21867;20995;17343;12.9;0.4;96.4;2003572;43.9;253623;175;88144;106.2;96.4;98;12231;1286;9216.4;1002;863;20443.7;63409.5;8.9;7.7;5805;4596.2;37.9;89.2;112.1;101.1;16.4;38.6;259;108.5;39.1;92.1;18;38;817;19.2;11;3.1;10.8;22.1;38.2;32.5;39.5;349;36.4;34.7;39.9;67.7;1;86.1;946;137.9;193;236;1219;238;1847
Ростовская область;2014;1007758.8;237465.8;1.7;4242.1;67.8;32.2;1157;71.3;66.1;76.4;16.1;58.1;25.8;12.1;13.7;519;7.9;1.6;1909.6;2142;5.9;9943;1276;30.1;23818;23355;19194;12.9;0.4;110.9;2085372;42.7;264173;172;89473;105.4;110.9;87;12622;1473;14722.6;923;751;19223.4;68558.1;10.9;9.6;4730;3407.2;34.2;80.6;124;100.7;16.3;38.4;260.6;111.3;38.1;89.8;16;33;820.4;18.2;12.5;2.9;10.6;22.1;37.6;32.8;34.9;356.4;39;32.3;37.9;67.1;1;88.1;931;125.1;194;262;1274;281;1644
Ростовская область;2015;1189144;280522;1.8;4236;67.9;32.1;1156;71.9;66.9;76.7;16.5;57.2;26.3;12.1;13.8;496.7;6.6;1.6;1948.8;2132;6.1;10995;1294;30.5;25008;26558;20193;14;0.4;112.1;2355619;41.3;309436;4;91703;153.2;101.7;100;12556;1394;13682.2;962;727;31609.9;108526.9;14.3;9.9;4804.6;2121.1;34.5;81.4;122.9;100.9;16;37.7;265.6;109.8;38.6;91.1;14;28;801.2;16.6;8.6;2.8;12.5;19.9;35.7;31.9;35.6;356.8;43.1;25.1;36.8;63.1;1;86.5;922;120.4;165;238;1469;248;1457
Ростовская область;2016;1375107.4;324802.1;1.9;4231.3;67.8;32.2;1156;72.2;67.3;76.7;16.8;56.5;26.7;11.6;13.7;489.5;6.6;1.6;1968.3;2175;5.8;16283;1309;30.9;26689.1;26655;21843;14;0.4;105.2;2583782;41.7;294481;2;90595;112.2;115.8;86;12102;1378;13663.8;895;677;34598.4;133792.6;14.5;8.4;5545.7;2186.7;34.5;81.6;122.5;102.7;15.8;37.4;267.5;111.7;37.9;89.5;15;32;811.3;17.9;10.2;2.7;12.8;22.1;34.6;29.7;42.3;360.1;45.9;25.2;36.4;58.3;1;88.5;901;119;169;253;1363;204;1178
Ростовская область;2017;1441723.3;341163.4;1.8;4220.4;67.9;32.1;1154;73;68.3;77.5;17;55.9;27.1;10.3;13.1;448.2;6.5;1.5;1958.1;2138;5.6;12644;1309;31;28499.6;27741;22843;13.9;0.4;101.6;2786870;42;323903.2;0;87818;107.1;107.6;89;11846;1417;13102.3;694;787;28248.4;104538.5;10.6;14.6;6844.6;2889.5;34.5;80.8;123.7;101.1;15.8;37.5;266.9;113;37.3;88.5;14;33;829;14.3;11.1;2.9;14;22.3;35.4;30.7;46;362.6;43.3;25.1;41.1;56.2;0.8;95.7;889;107.9;195;216;1399;207;1075
Ростовская область;2018;1548222.9;367627.9;1.7;4202.3;68;32;1152;73.2;68.5;77.7;17;55.4;27.6;9.7;13.5;444.5;5.1;1.4;1935.7;2133;5.1;12845;1314;31.3;31448.2;29095;25161;13.2;0.4;104.5;3049823;41.2;264870.6;181;86543;110.6;91.4;86;11720;1325;12944.3;827;651;19588.4;64536.6;5.8;13.2;9062.5;3054.3;33.8;80.3;124.5;101.9;15.8;37.5;266.8;113.4;37.1;88.2;12;29;817.1;16.1;8.9;2.9;13.9;22.4;36;28;53.4;344.8;42;25.7;39.6;53.4;1.1;100.6;NaN;NaN;57;198;NaN;172;1055
Ростовская область;2019;1637748.1;389933.4;1.7;4197.8;68.1;31.9;1150;73.7;69.1;78;17;56.4;26.6;9;13.3;428.7;4.8;1.3;1919;2097;4.8;13619;1292;30.8;33757.1;30752;26767;13.4;0.4;102.7;6831010;37;284152.3;-92;82456;102.8;105.8;94;11974;1424;14905.9;691;652;36551.8;62676.2;4.9;17.6;8275;2869.3;33.3;79.3;126.1;101.7;15.6;37.1;269.3;113.4;37;88.2;11;29;821.2;13.4;9.7;3;16.2;21.9;33.8;27.7;26.7;345.7;42.8;25.7;41.8;57.9;1.2;101.8;NaN;NaN;158;202;NaN;NaN;NaN
Ростовская область;2020;NaN ;NaN ;NaN ;4181.5;68.2;31.8;1150;72;67.4;76.5;17;56.2;26.8;8.7;15.5;493;5.5;1.3;1909.4;2111;5;14397;1265;30.3;35622.1;31331;26123;13;0.4;105.2;7018721;46.2;323808;92;75575;101.8;97.1;94;11940;1385;14614.3;605;566;52713;106739.7;8.5;13.8;8748.1;2526.9;32.7;78.3;127.8;102.9;16.2;38.7;258.2;114.2;36.6;87.6;10;27;746.9;9.8;11.1;2.3;14.6;19.1;24.6;21.9;48.7;339.3;33;15.4;35.1;42.1;0.9;84.4;NaN;NaN;175;188;NaN;NaN;NaN
Краснодарский край;2000;137125.3;26713.9;2.4;5132.8;53.5;46.5;1147;67.1;61.2;73.4;19.4;58;22.6;8.9;15.2;NaN;13.3;NaN;2038.3;2335;12.5;795.5;1368;26.7;1697.6;1563;1652;45.2;0.4;118.2;516894;45.3;54734;979545;107698;110.1;115.5;62;1928;878;699245;681;297;187.7;1004.7;3;5.9;995.7;571.7;55.5;108.1;92.5;107.5;22;43;232.8;101.4;50.6;98.6;57;168;572.3;33.1;11.6;2.4;6.5;16.9;26.5;16.5;15.5;228.4;34.2;39;30.1;29.7;1.3;70.1;618;157;96;1076;1319;531;2650
Краснодарский край;2001;179177.5;34912.4;2.5;5125.2;53.5;46.5;1149;67;61;73.5;18.7;58.6;22.7;9.4;12.1;NaN;13;NaN;2052.4;2290;10.7;1095.4;1372;26.8;2495.3;2125;2291;43.1;0.4;122.3;576533;45.3;63395;793405;112329;100.2;110.7;64;1759;841;967242;1361;136;274158;32.1;6;5.4;991.6;627.2;55.1;107.5;93.1;104.3;21.8;42.5;235.5;104;49.4;96.1;54;145;571.2;33;11.1;2.1;6.3;15.4;26.1;17.3;15.7;215.1;45;39.5;27.6;28.6;1.1;75.9;NaN;NaN;104;1039;1516;863;2307
Краснодарский край;2002;217727.6;42477.6;2.5;5120;53.5;46.5;1151;66.8;60.8;73.4;18;59.4;22.6;9.9;15.7;NaN;10.8;NaN;2122.3;2352;7.6;1396.9;1355;26.5;3365.4;2857;3087;39.4;0.4;115.9;666157;43;75655;202556;117564;109.1;106;61;1810;894;1490872;2061;541;422.8;219.5;9.8;4.1;1083.2;954.8;52.5;102.6;97.4;110.4;22.1;43.2;231.4;103.1;49.7;97;49;126;564.7;30.8;11.6;2.6;7.3;16.8;25.7;18.3;16.3;208.2;34.9;39.5;31.8;29.4;1.6;76.4;NaN;NaN;108;986;1205;836;1905
Краснодарский край;2003;248565.5;48572.8;2.3;5106;53.5;46.5;1152;67.3;61.5;73.6;17.5;60;22.5;10.4;15.7;NaN;9.5;NaN;2103.3;2343;10.2;1666.8;1347;26.4;4033.1;3662;4025;33.6;0.4;110.8;780300;46;78041;325683;124707;105.7;92.8;64;1939;897;1617630;1238;1628;970.6;207.7;24;2.9;1494.2;834.1;50.8;99.4;100.7;110.4;22.1;43.2;231.5;99.9;51.2;100.1;46;117;577.3;27.3;11;2;6.7;14.8;26.1;18.8;16.8;218.9;34.9;39.2;28.8;27.4;1.7;75.3;NaN;NaN;115;1252;1139;704;2587
Краснодарский край;2004;313623.6;61291.7;2.3;5100;52.7;47.3;1154;67.5;61.6;73.8;17.2;60.4;22.4;10.7;15.3;NaN;10.1;NaN;2180.3;2402;8.8;1891.3;1374;26.9;5495.4;4379;5009;28.7;0.4;112.2;899731;36.6;88649;275161;130283;106.9;117.1;64;1847;895;1674646;786;1454;1092;956.9;1;3.9;904.3;943.2;50.4;98.4;101.6;103.9;21.6;42.3;236.5;107.2;47.7;93.3;43;107;568.8;28.8;13.1;2.4;6.6;14.7;26.1;20.2;17.7;202.9;28.3;37.6;29;29;1.5;73.5;NaN;NaN;119;1226;1104;645;2541
Краснодарский край;2005;372929.8;72794.1;2.1;5127;52.8;47.2;1156;67.6;61.6;73.9;16.9;60.7;22.4;10.2;15.6;677.4;8.6;1.3;2189.4;2422;7.5;2378.2;1372;26.8;6462;5545;4848;26.3;0.4;112.3;1079840;33.7;113917;463926;138270;111.4;113.3;62;7000;873;1726;740;920;830.9;1349.8;1;4.1;1425.9;1406.6;49.2;96;104.1;107.8;21.7;42.3;236.4;108.5;47.3;92.2;40;104;555.6;25.7;11.9;2.5;6.2;13.6;26.6;19.8;17.9;119.5;36.2;39.1;28.4;27.5;1.5;72.2;832;205.6;113;795;1239;592;2519
Краснодарский край;2006;483950.7;94244;2.2;5101;52.6;47.4;1158;68.7;63;74.7;16.6;60.8;22.6;10.4;14.7;NaN;8.2;NaN;2197.9;2470;7.4;2650;1372;26.9;7975.5;7244;6163;22.4;0.4;109.5;1114617;34.6;152080;751590;124861;111;108;59;7324;1035;2185441;781;775;1495.1;4353.6;2.1;7.5;2083.5;1860.2;49;95.3;104.9;111.9;22;42.7;234;109.1;47.2;91.7;39;100;553.3;24.4;8;2.8;7.3;14;26.4;18.7;19.7;193.7;45.5;36.7;27.1;28.2;1.6;70.9;NaN;NaN;152;907;1638;591;2842
Краснодарский край;2007;648211.3;125700.4;2.3;5122;52.6;47.4;1158;69.3;63.6;75;16.4;60.8;22.8;11.2;14.3;NaN;7.7;NaN;2237.3;2553;6.5;3446.1;1396;27.3;10260;9778;8397;19.2;0.4;111.3;1385585;36;229714;714464;119595;118.4;127.2;68;6997;1086;2947891;725;601;1239.5;4717.5;1.1;7.9;3376.3;2654.7;48.2;93.2;107.3;112.2;21.8;42.2;236.8;109.7;47.1;91.2;36;84;555.7;253;7.8;2.5;7.2;13.6;26.6;19.6;18.5;200.4;32.1;41.8;27.8;30.8;1.6;74.9;NaN;NaN;143;887;1597;607;2618
Краснодарский край;2008;803834.1;155103.6;2.4;5142;52.5;47.5;1157;69.7;64.3;75.2;16.3;60.6;23.1;12;14.1;NaN;7.1;NaN;2280.3;2628;4.8;4228.7;1408;27.4;13162.5;12024;10813;17.5;0.4;113.1;1645865;37.3;332532;1179471;128158;105.1;128.3;60;6452;838;3260028;779;672;1116;7652.8;2.1;6.8;4259;3510.9;44.2;85;117.6;112.8;22;42.4;235.7;109;47.6;91.7;33;71;558.4;25;7.6;2.5;8.2;15.5;26.7;20.3;20.4;193.5;33.9;40.8;29.4;31.3;1.6;77.4;NaN;NaN;147;858;1375;437;2334
Краснодарский край;2009;861603.3;165555.1;2.7;5161;52.5;47.5;1157;70.7;65.4;75.9;16.4;60.1;23.5;12.2;13.5;NaN;5.9;NaN;2270.3;2628;7.2;5787.5;1407;27.3;14953.3;13815;12050;18.4;0.4;109.8;1870428;39.1;358014;579516;132153;105.6;92.5;56;6379;1030;3202601;631;689;665.9;6050.4;1.8;5.4;3208.6;2781.5;43.7;83.8;119.3;115.1;22.3;42.9;233.3;109.3;47.7;91.5;29;61;543.6;22.3;9.4;2.3;7.4;16.2;33.1;21.3;20.3;202.3;21.3;35.2;26.6;28.6;1.5;80.5;899;241.5;150;820;1307;397;1930
Краснодарский край;2010;1028308.4;196914.3;2.7;5230;52.9;47.1;1157;71;65.6;76.2;16.4;59.7;23.9;12.2;13.5;522.5;5.2;1.6;2274.2;2603;6.7;7049;1451;27.7;16330;16892;13969;15.2;0.4;108.5;2139060;40.4;589623;342.8;120412;114;120.8;53;6256;1039;3260.3;804;679;1519.9;5033.8;1.2;6.2;4565;4426;42.7;81.7;122.4;115;21.9;41.9;238.5;110.1;47.5;90.8;24;52;575.5;21.5;9.8;2.3;7.6;16.5;34.4;24.4;21.7;214.4;31.6;36.2;28.3;30.9;1.4;75.3;1367;230.9;139;863;1260;394;1702
Краснодарский край;2011;1244652.8;236750.6;2.7;5283;53.3;46.7;1156;71.2;66;76.2;16.6;59.3;24.1;12.2;13.5;518.5;6.1;1.6;2288.5;2587;5.9;7659;1469;27.8;18416;18796;15862;13.5;0.4;106.6;2471453;40;711720;164;125540;108;101;53;6059;1014;3826.6;713;536;3717.5;3826.9;0.8;6.1;9818;5026;44;83.8;120;118.2;22.2;41.9;238.5;112.3;47;89;22;46;621.3;21.6;10.8;2.2;7.4;17.8;33.8;27.6;24.7;239.6;35.3;36.4;30.4;34.1;1.5;78.3;1336;206.1;161;920;1262;333;1645
Краснодарский край;2012;1459490.8;274995.7;2.9;5330;53.5;46.5;1155;71.7;66.6;76.7;16.9;58.7;24.4;13;13.2;490.4;6.6;1.7;2328.3;2634;5.6;8451;1489;27.9;21409.2;21686;18257;11.2;0.4;106.7;2821779;38;798476;458;125965;105;111.1;52;3504;1441;4817.6;808;595;11458.6;3135.7;0.7;7.4;9810;4941;44.2;82.9;120.7;120.8;21.8;40.9;244.3;112.9;47.2;88.5;23;44;646.8;22.8;11.5;2.4;8.7;19.1;31.1;27.6;26.7;241.4;38.7;38.6;31.1;38.2;1.6;79.9;1333;223.9;216;892;1243;362;1379
Краснодарский край;2013;1662969.1;309837.7;3.1;5404;53.9;46.1;1155;72.3;67.2;77.3;17.2;58.1;24.7;13.1;12.8;473.5;5.9;1.7;2330.8;2620;6.1;9232;1515;28;24062.6;25777;20295;10.4;0.4;107.2;3639608;34.6;955208;-83;129961;103.7;101.6;56;6872;1448;4669.4;768;649;16470.9;2167.9;0.3;5.6;7892;5826;44.1;81.6;122.6;121.7;22.2;41.2;242.9;113.5;47.6;88.1;21;40;665.5;22.6;12;2.5;10.1;19.5;30.8;27.5;31.8;247;40.7;39.8;31.1;40.3;1.6;78.8;1311;215.9;205;839;1195;351;1450
Краснодарский край;2014;1784833.5;328771.2;3;5453;54.1;45.9;1156;72.3;67.2;77.2;17.7;57.2;25.1;13.5;12.9;480.7;5.6;1.8;2322.4;2613;5.7;9984;1541;28.3;25776.6;28788;23334;10.1;0.4;112.2;4208926;33.7;750236;-127;137836;106.6;110.1;66;7585;1705;5596.5;736;638;5589.4;9781.9;0.4;6.2;10200;5289;41.3;75.6;132.2;122.2;22;40.3;248.4;116.8;46.7;85.6;20;36;662.3;21.1;11.6;2.3;10.5;19.7;28.5;28;31;250.1;39.2;38.8;32.3;40.7;1.3;78.8;1401;225.3;189;833;1270;307;1353
Краснодарский край;2015;1933512.1;352601.2;2.9;5514;54.3;45.7;1156;72.5;67.6;77.4;18.1;56.4;25.5;13.5;13;476.1;5.4;1.8;2322.6;2702;6;11081;1571;28.5;26767;31304;27285;11.7;0.4;112.7;4770758;35.2;586903;139;143138;116.6;123.6;106;9265;2450;6792;723;632;5515.4;7400.4;1;6.5;6576;4004;40.7;73.9;135.4;123.7;22.1;40;250.1;110.6;49.8;90.4;19;34;649.5;17.8;11.9;2.4;12.6;17.8;39.6;26.6;35.9;248.7;38;35.8;30.3;37.8;1.3;78.9;1282;174.3;191;858;1369;310;1300
Краснодарский край;2016;2257074.5;407239.7;3.1;5571;54.6;45.4;1157;72.8;67.9;77.6;18.5;55.7;25.8;13.2;12.9;467.8;5;1.8;2553;2739;5.8;16408;1598;28.7;28586;32672;27018;11.7;0.4;106;5481558;35.4;428972;-170;141581;104;98.5;105;7532;2230;5866.1;894;572;9734.6;71752.6;7.7;9.1;5587;3713;41.1;73.8;135.5;124.4;22.3;40.1;249.4;111.2;50.1;90;19;35;669.9;17.9;13.1;2.7;15.2;18.3;30.8;26.4;29.8;260.6;33.2;31.4;30.7;36.4;1.5;70.6;1329;206.1;242;901;1290;280;1258
Краснодарский край;2017;2422752.7;433626.9;3;5603;54.9;45.1;1157;73.4;68.6;78;18.8;55.1;26.1;12;12.5;444.7;4.4;1.7;2599;2786;5.7;11408;1598;28.5;30343;33403;28381;10.9;0.4;102.2;5937791;37.2;503243;685;138444;99.2;92.2;100;6916;2053;5421.9;675;736;47422.5;168605.9;14.1;12.2;7001;4611;42;74.9;126.7;131.4;24;42.8;233.7;108.8;51.5;91.9;15;34;662.1;19;12.7;2.6;8.6;18.4;25.3;23.9;23.2;260.7;16.2;32.6;30.1;35;1.5;77.8;1290;202.4;427;766;1211;176;1073
Краснодарский край;2018;2499915.5;444364.1;2.8;5648;55.2;44.8;1158;74.3;69.7;78.7;18.9;54.6;26.5;11.5;12;417.2;4;1.7;2603;2822;5.2;13037;1651;29.2;33846;34372;31248;10.5;0.4;104.3;6260527;37.3;515317;369;133020;105.6;113.7;100;6918;1963;6323.5;654;587;11575.5;115396.5;11.5;8.9;8442;4677;41.5;73.5;136.1;133.4;24.5;43.4;230.2;112.5;50.2;88.9;13;27;688.4;18;12.7;2.8;12.6;19.7;26.7;25.1;59.6;276.9;30.9;30.6;31.2;36;1.8;81.3;NaN;NaN;825;718;NaN;247;990
Краснодарский край;2019;2569810.7;453882;2.7;5675;55.3;44.7;1157;73.9;69;78.7;18.9;55.6;25.5;10.8;12.3;436.6;3.7;1.6;2623;2807;4.8;13835;1651;29.1;36133;35673;32957;10.7;0.4;102.6;13982416;26.5;477635;-162;115452;99.5;96.8;106;6752;1424;5772.4;640;664;28211.2;94788.7;2.3;4.3;7416;4321;41.7;73.5;136;132.5;24.6;43.3;230.8;111.9;50.7;89.4;12;26;723;18.6;12;2.7;17;19.1;30.5;24.1;72.7;289.2;31.2;26.9;35.8;38;1.6;83.4;NaN;NaN;432;732;NaN;NaN;NaN
Краснодарский край;2020;NaN ;NaN ;NaN ;5684;55.6;44.4;1158;72.2;67.3;77.1;18.9;55.4;25.7;10.5;14.5;510.9;3.8;1.6;2609;2821;5.7;14627;1644;28.9;38499;36165;32528;10.6;0.4;105.1;13020366;28.6;502091;-21;110824;108.7;122.8;107;6754;1373;7504.6;602;497;54743.9;38530.6;1.8;5.3;5638;4521;41.5;73;137;131.6;25.7;45.2;221.1;109.7;51.8;91.1;11;25;665.4;15.5;9.6;2;13.6;15.3;33;19.2;56.7;299.3;23;25.1;26.4;29.6;1.3;74.1;NaN;NaN;415;519;NaN;NaN;NaN
Республика Адыгея;2000;5519.6;12315.1;0.1;447.3;52.8;47.2;1149;67.6;62.1;73.3;20.6;56.8;22.6;9.1;15;NaN;16.3;NaN;156.8;200;14.1;766.5;125;27.9;1302.5;1385;1102;37.2;0.3;119.9;49258;48.4;1264;719;7243;120.7;101.2;3;168;37;10230;1;0;10.3;12.7;0.6;3.1;2.5;7.8;4.6;103.2;96.9;10.5;1.6;35.7;280.4;95.6;4.7;104.6;39;111;237.7;40;5.2;1.6;3.6;13.9;31.2;18.9;17.2;226.6;17.1;29;29.5;26;0.6;59.5;45;4.2;4;50;2071;64;336
Республика Адыгея;2001;6641.8;14858.6;0.1;446;52.7;47.3;1150;68.8;62.9;74.9;20;57.5;22.5;9.4;14.7;NaN;8.1;NaN;187;198;14.1;1062.8;125;28;1832.1;1643;1364;41.3;0.3;121.5;50819;50;1510;2699;7044;107.9;100.5;3;178;35;9887;7;0;5414;0.3;6.3;0.9;95.6;22;4.8;108.1;92.5;10.5;1.6;36.2;276.2;95.1;4.7;105.2;38;105;558.3;32.9;6;1.8;5.3;16.3;32;20.3;18;210;17.5;32.9;31.6;29.3;0.5;76.7;NaN;NaN;4;35;1437;73;352
Республика Адыгея;2002;7909.9;17707.5;0.1;447;52.6;47.4;1149;68.8;62.6;75.2;19.3;58.3;22.4;10.2;15;NaN;10.5;NaN;156.5;200;13.5;1348.7;126;28.2;2612.6;2167;1650;34.6;0.3;114.5;50317;51;1916;2159;7108;92;95;3;184;37;11915;2;2;19.5;3.8;2.2;7;2.6;11.8;4.9;109.2;91.6;10.6;1.6;36.6;272.9;94.1;4.8;106.3;41;107;636.3;29.2;5.9;2.6;7.6;23;29.9;20.2;21;201.9;24.2;63.8;55.6;30.7;1.3;78.4;NaN;NaN;3;35;1103;73;244
Республика Адыгея;2003;9849.3;22091.7;0.1;445;52.6;47.4;1151;67.5;61.7;73.7;18.7;59;22.3;10.4;15.5;NaN;10.8;NaN;156.3;189;15.9;1607.2;124;27.9;3317.5;2549;1988;34.9;0.3;113.2;50972;51.3;2559;2098;7526;110.2;93.2;3;172;41;14557;3;3;0;0;0;0;61.6;8.6;4.8;108.3;92.3;10.5;1.6;36.8;271.9;93.2;4.8;107.3;41;106;632.1;29;6.4;1.8;6.7;19;32;21.1;20.6;212.4;22.4;67.2;36.4;38.7;1.2;73.9;NaN;NaN;2;21;1174;61;225
Республика Адыгея;2004;12493.2;28133.2;0.1;445;52.6;47.4;1153;67.8;62.2;73.5;18.3;59.5;22.2;10.5;15;NaN;14.4;NaN;154.2;190;17.6;1835.7;122;27.4;4266.3;3080;2539;35.2;0.3;113.4;59284;39.2;2062;3144;7213;132.7;113;3;162;41;13616;8;1;7.1;10;0.3;5.1;5.5;18.4;4.9;110.6;90.4;10.6;1.7;37.3;268.3;92.8;4.8;107.7;39;100;658.9;31.5;7.1;2.2;10.8;22.6;32;23.6;19.4;199;22.4;80.2;38.6;45.6;1.1;70.6;NaN;NaN;3;21;1270;53;228
Республика Адыгея;2005;17029.1;38514.5;0.1;443.3;51.9;48.1;1154;68.1;61.9;74.6;18;59.7;22.3;10.3;15.2;633.1;10.7;1.4;154;202;13;2302.2;121;27.3;5123;3893;2705;33.2;0.3;111.7;51313;50;3603;1555;7093;110.5;104.2;3;163;42;16.9;3;3;52.2;11.3;0.3;5.6;4.7;8.4;4.9;111.1;90;10.6;1.7;37.6;266.1;93.5;4.7;106.9;33;85;628.7;27.5;6.4;2.1;10.1;20.9;27.4;23.2;17.6;186.5;21.8;67.5;35.7;44.7;1.5;74;109;12.8;2;21;1363;50;167
Республика Адыгея;2006;21132.4;48050.2;0.1;441;52.5;47.5;1153;68.3;62.7;74.1;17.8;59.8;22.4;10.5;15.2;NaN;8;NaN;153.3;202;13.7;2567;121;27.4;6414.4;4707;3160;32.9;0.3;108.5;58091;56.1;4088;2761;7099;106.3;96.3;6;361;60;36208;4;7;89.5;888.7;21.4;11.5;6.6;12.8;4.9;111.4;89.8;10.9;1.7;38.6;259.2;91.9;4.8;108.9;33;84;606.4;24.7;6.5;2;10.6;20.7;28.3;20.8;17.7;176.7;20.3;66.1;30.5;40.5;1;70.6;NaN;NaN;2;23;1422;59;130
Республика Адыгея;2007;29085.1;66366.2;0.1;441;52.5;47.5;1152;68.8;62.8;75;17.7;59.7;22.6;11.9;14.7;NaN;9;NaN;153.2;210;10.3;3347.6;118;26.8;8056.4;5763;3933;30.4;0.4;111.3;74408;56.1;10973;8363;7564;116.4;122.8;8;361;68;40761;5;1;58.5;61.8;1.2;8.8;9;18.6;5.1;115.9;86.3;10.9;1.7;39.1;255.6;86.6;5.1;115.5;31;69;597.7;26;6.8;1.8;9;20.8;27.4;18;17.2;174.1;19.3;67;28.8;39.5;1;74.9;NaN;NaN;3;21;1179;34;107
Республика Адыгея;2008;36134.4;82378.2;0.1;443;52.7;47.3;1153;68.7;62.8;74.8;17.5;59.8;22.7;12.8;15;NaN;8.5;NaN;153.5;207;7.7;4096.8;117;26.4;10096.9;7986;5973;24.2;0.4;115.1;93766;47.5;13275;44963;8080;113.7;139.1;6;320;51;43973;6;1;218.8;187.4;2.7;10.4;14.7;285.2;4.7;107.2;93.3;10.3;1.7;37.6;265.8;92;4.8;108.7;31;64;627.2;23.8;6.8;2.1;9.4;22.7;29.5;18.1;23.3;179.3;19.4;69.5;31.3;38;0.8;74;NaN;NaN;3;21;1077;44;178
Республика Адыгея;2009;41511.5;94436.5;0.1;443;52.7;47.3;1152;70;64.4;75.6;17.6;59.4;23;12.5;14.1;NaN;7.2;NaN;152.8;203;7.9;5562;118;26.6;11547.6;10468;7240;18.6;0.4;108.5;101212;16.5;13569;46152;8127;101.8;89.6;6;327;69;73210;23;4;90.1;85.5;1;9.1;9.8;45.4;4.3;97.4;102.7;10.5;1.8;38.1;262.7;93;4.7;107.5;28;58;621.3;22.2;7.3;2;8.5;21.6;29.5;18.5;21.8;196.3;18.8;65.8;30.4;34.7;1;75.5;94;9.4;3;29;1107;51;168
Республика Адыгея;2010;47194.5;107297.5;0.1;439.9;50.9;49.1;1152;70;64.3;75.7;17.8;58.9;23.3;12.9;14.1;564.8;7.3;1.7;185.7;204.8;9.3;6786;121;27.5;12787;12279;8353;16;0.4;110.1;109480;46.5;14035.8;31.1;7129;117.4;98.2;6;330;71;59.7;7;9;152.6;1062.9;9;10;9.1;71.8;4.2;96;104.2;10.7;1.7;37.9;263.8;92.3;4.8;108.4;23;46;694.8;23.1;7.9;2.2;8.4;27.2;34.2;25.6;34.9;219.9;25.8;68.7;36.8;46.8;1.1;79.9;94;11.4;4;29;1063;27;229
Республика Адыгея;2011;56803.3;128749.3;0.1;442.5;46.9;53.1;1149;71;65.8;76.1;18;58.5;23.5;12.6;13.8;514.7;5.6;1.7;186.7;203.9;8.4;7359;122;27.6;14345;14272;10151;14.6;0.4;106.2;117071;46;18703.3;108;6953;102.9;100.8;8;357;73;151.6;8;5;88.8;930.1;6.4;9.7;8.6;105.8;4;90.5;110.4;10.9;1.7;38.4;260.6;93.4;4.7;107;20;40;690;26.7;8.7;2.4;9.7;24.7;36.8;26.2;35.4;217.1;27.3;65;38.2;45.6;1.1;82.6;100;13.7;4;28;1035;25;180
Республика Адыгея;2012;65300.4;147262.9;0.1;444.4;47;53;1149;71.7;66.4;77;18.1;58;23.9;12.9;13.4;451.5;7.9;1.7;187.7;204.2;8.1;8115;122;27.5;16715;17071;12779;11.3;0.4;106.6;136095;44.3;16903.5;38;7123;111.2;115.1;8;316;78;161.5;4;9;594.6;1942.7;9.3;6.8;9.5;56.7;3.9;86.9;115.1;10.9;1.7;38.8;257.5;94.5;4.7;105.9;22;42;688.7;28.1;9.1;2.5;9.5;23.4;38.4;27.8;35.8;215.2;26.1;60.5;36.5;48.5;1.1;84.3;98;14.5;6;28;919;29;195
Республика Адыгея;2013;70862.3;159096.3;0.1;446.4;47;53;1146;71.8;66.6;77;18.3;57.5;24.2;12.5;13.1;488.6;6.8;1.7;193.4;210;7.9;8846;123;27.6;19276;18512;14987;12;0.4;106.9;158864;46.2;16822.2;8;7299;102.7;91;9;326;68;170.1;9;2;151.3;2532.8;10.1;10.4;8.3;67.5;3.3;75;133.4;10.9;1.7;38.7;258.3;98.9;4.5;101.1;21;41;654.8;25.1;8.7;2.1;8.5;22.1;36;29.2;34.5;207.4;25.1;46.8;35;52.8;1;80.6;98;14.4;9;26;888;21;194
Республика Адыгея;2014;75622.5;168880.1;0.1;449.2;47.1;52.9;1144;72;66.9;77.1;18.5;57;24.5;12.7;13.3;463.8;8.5;1.7;183.8;201.1;8.6;9568;124;27.6;20945;22054;16444;11;0.4;111.4;160002;47;17154.8;0;7472;109.2;112.3;10;305;70;205.7;14;5;137.5;2517.9;9.3;8.5;13.8;70.8;3.3;73;137;11;1.7;38.6;259.2;104.1;4.3;96;18;35;647.6;24;9.3;2.2;8.3;22.6;40.2;33.1;33;199.5;25.5;48.5;34.3;50.3;0.9;77.8;94;10.7;10;24;903;15;180
Республика Адыгея;2015;84306;187211.1;0.1;451.5;47.3;52.7;1145;72.2;66.9;77.5;18.8;56.2;25;12.5;13;476.3;7.8;1.7;183.7;201.8;8.8;10600;125;27.7;22087;22646;18001;13.9;0.4;112.6;168726;53.5;15547.7;2;7631;115.2;124.3;12;279;76;202.4;16;5;83.6;4128;10.5;7.9;32;52.5;3.4;75.1;133.1;11;1.7;37.9;264.2;100.8;4.5;99.2;18;34;659.4;23.5;10.3;2.3;8.3;23.8;42.4;34.8;35.4;203.7;26.7;51;33.2;48.5;0.9;82.1;92;9.5;11;26;1101;27;167
Республика Адыгея;2016;101102.7;223469.4;0.1;453.4;50.7;49.3;1142;72.6;67.7;77.4;19.2;55.5;25.3;12;12.9;474.6;4.4;1.7;182.5;201.9;9;15886;127;28;23109;25081;17817;13.4;0.4;105.2;183383;50.7;19133.7;105;7399;111.2;97.9;12;282;77;225.2;25;10;148.5;4577.2;10.1;4.2;24;51.6;3.4;74.6;134.1;10.9;1.7;37.6;265.7;105.6;4.3;94.7;16;33;661.1;20.3;9.7;2.1;7.1;25.6;41.3;35.8;34.8;220.8;25.1;46.4;31.8;47;1.1;82.4;92;8.5;11;26;1025;16;119
Республика Адыгея;2017;109714.5;241997.3;0.1;453.4;47.2;52.8;1141;73.3;68.2;78.1;19.5;54.8;25.7;10.6;12.6;428.7;6.4;1.5;151.1;200.1;8.8;10886;127;28;24490;26478;19245;13;0.4;101.7;202111;46.3;20844.7;3;7263;102.7;100.4;10;283;68;241.3;11;13;160.1;3386.6;7.6;6.3;38.9;48.9;3.4;75;133.3;11.5;1.7;38.2;261.8;102.7;4.4;97.4;15;34;659.2;21.8;9.9;2.2;8.6;25.9;42.6;26.1;36;215.2;23.6;45.2;32.8;50.8;1.1;82.9;90;4.7;10;23;885;14;133
Республика Адыгея;2018;119961.8;264198;0.1;454.7;47.1;52.9;1140;73.6;68.9;78;19.7;54.3;26;9.9;12.3;442.5;3.9;1.5;152.1;200.6;8.6;12393;128;28.2;27469;27553;22569;12.8;0.4;104.2;223255;49.7;30600.1;2;6891;105.3;98.2;10;271;65;251.3;16;16;343.6;4434.9;8;8.2;40.3;55.8;3.4;75.2;132.9;11.6;1.8;38.9;257.1;105.4;4.3;94.9;14;33;665.4;20.9;11;2.4;9.1;25.4;39.8;37.5;42.3;221;23.1;43.1;32.4;50.8;0.8;82.6;NaN;NaN;8;25;NaN;16;87
Республика Адыгея;2019;132235.6;288147.8;0.1;463.1;47.3;52.7;1133;73.9;69.1;78.4;19.8;55.6;24.6;9.1;12.3;399.2;4.8;1.4;151.6;200.6;8.2;13108;127;27.4;30192;29115;23879;12.6;0.4;102.2;459080;37.4;43352.6;1;6756;101.6;108.1;10;276;66;206.7;16;15;28.2;7264.1;11.1;4.4;28.5;68.4;3.2;69.2;144.4;11.9;1.8;39;256.3;108.2;4.3;92.4;12;30;650.4;18.6;11;2.6;10.2;22.3;38.4;37;44.4;215.2;23.7;42.7;33.8;44.5;1;81.2;NaN;NaN;6;23;NaN;NaN;NaN
Республика Адыгея;2020;NaN ;NaN ;NaN ;463.2;47;53;1135;73.3;68.7;77.6;19.9;55.3;24.8;9.5;13.3;450.1;3.2;1.5;152;201.6;8.5;13838;125;27;32161;30293;24523;12.5;0.4;105.8;502126;34.9;38575.6;1;6332;105.9;106.5;10;273;64;209.4;6;11;236.1;496.5;0.6;8.9;25.3;54;3.1;67.9;147.2;12.2;1.8;39.4;253.9;108.5;4.3;92.1;9;23;656.6;13.4;8.6;2.3;7;15.9;45.5;29.8;35.4;239.9;19.1;30.5;29.8;38.1;0.6;68.6;NaN;NaN;8;24;NaN;NaN;NaN
Республика Калмыкия;2000;6212.6;20183.7;0.1;307.3;43;57;1076;65.4;59.3;72.3;26.1;59.2;14.7;11.3;11.2;NaN;16;NaN;117.4;145;20.1;749.6;69;22.5;1220;979;618;66.4;0.4;116.9;24220;40.5;6628;0;15185;114.6;138.9;9;205;59;6281;22;1;0;0;0;0;196.2;47.4;4.2;135;74.1;7.3;1.4;46.1;217;80.2;3.8;124.7;49;120;680.2;31.5;6.6;5.4;3.9;22.2;30.7;17.4;11.9;334.3;20.7;45.7;24;41.3;3.4;78.5;169;16.1;4;28;1743;97;341
Республика Калмыкия;2001;6732;22261.8;0.1;298;43.7;56.3;1081;66.3;60.9;72.6;25.5;59.8;14.7;11.7;11.1;NaN;15.6;NaN;118.1;142;19.1;1002.9;69;23.2;1759.1;1545;840;526;0.4;119.8;28812;36.9;4782;0;16341;117.1;125.8;9;253;77;11858;21;9;0;0;0;0;126.8;61.9;4;135.4;73.9;7.2;1.5;49.9;200.4;73.8;4;135.4;45;111;665.9;29.2;6.3;4.2;3.4;23;34.3;18.5;14.6;302.4;21.1;48.8;24.2;48.3;1.5;44.7;NaN;NaN;5;35;1698;79;351
Республика Калмыкия;2002;7272.3;24676.8;0.1;292;44.3;55.7;1088;68.3;62.6;74;24.6;60.9;14.5;12.7;12.3;NaN;12.6;NaN;117.8;141;18.1;1274.7;68;23.3;2533.7;1763;984;56.6;0.4;115.2;34613;33.2;4636;0;16863;86.6;108.6;8;245;73;16051;5;12;0;0;0;0;25;45.3;4;135.9;73.6;7.3;1.5;51;196.2;71.3;4.1;140.6;42;96;716.1;29.8;7.8;8.4;5.1;25.5;31.9;25.6;17.8;312.9;25.1;48.7;27.1;62.6;1.4;49.9;NaN;NaN;3;37;1494;77;142
Республика Калмыкия;2003;6539.5;2294.9;0.1;291;44.4;55.6;1088;66.2;60.8;72;23.4;62.2;14.4;13.3;11.8;NaN;13.9;NaN;116.5;140;17.5;1548.2;67;23;2960.8;2100;1248;53.8;0.4;110.1;40427;38;2406;0;17308;107.6;87.9;8;242;76;16954;7;17;0;0;0;0;49.1;44.8;3.9;134.1;74.6;7.4;1.4;48.8;205;71.7;4.1;139.5;37;81;701.4;35;7.5;7.1;4.2;22.2;29.4;26.2;20.5;322.1;23.2;47.9;27.3;59.1;1.3;49.9;NaN;NaN;3;43;1730;91;174
Республика Калмыкия;2004;8518.5;29105.7;0.1;290;44.2;55.8;1086;67.3;62.2;72.7;22.3;63.3;14.4;13.4;10.9;NaN;8.4;NaN;115.9;137;21.7;1782.3;66;22.8;3605.7;2312;1424;55.1;0.4;114.8;41550;35.8;2632;0;17361;96.1;135.4;8;241;73;23498;1;4;0.1;0;0;1.2;63.4;64.9;3.9;134.7;74.2;7.5;1.5;50.4;198.5;71.6;4.1;139.7;36;77;683.1;32.4;7.1;7.3;4.3;20.9;29;27.8;22.6;317.5;26;50.4;24.1;50;1.1;46.7;NaN;NaN;3;37;1582;77;299
Республика Калмыкия;2005;9685.7;33017.9;0.1;293.5;43.9;56.1;1084;67.2;61.2;73.9;21.4;64.2;14.4;12.9;11.4;615;7.6;1.6;115.5;145;18;2247.7;66;22.5;4495;2392;1463;61.1;0.4;110.9;58485;35.3;3062;0;17330;108.6;103;8;221;77;23.4;6;4;0;0;0;0;148.6;73.6;3.9;133.8;74.8;7.5;1.4;48.7;205.3;74.3;4;134.6;37;82;700.6;27;8;6.5;4.3;21;26.4;29.2;22;332.5;25.8;50.5;27.6;51.9;1.2;44.9;194;26.8;3;36;1861;96;306
Республика Калмыкия;2006;12844.1;43797.2;0.1;891;44.2;55.8;1083;67.5;61.7;73.7;20.6;64.8;14.6;13;10.9;NaN;14.2;NaN;115.7;143;16.7;2494.5;66;7.4;5562.2;3521;2073;47.2;0.4;109.8;61232;38.6;3751;0;14885;133.1;115.1;8;227;77;35964;5;2;0;0;0;0;114.4;44.2;3.3;112.4;89;7.2;1.4;49.1;203.8;77;3.8;129.9;35;76;700.5;25.6;8.5;7.6;5.5;22.4;39.1;33.1;25.3;317.9;30.3;54.6;28.9;59.6;1.4;41.3;NaN;NaN;8;41;2007;88;249
Республика Калмыкия;2007;17225.8;58925.2;0.1;892;44.3;55.7;1082;68.4;62.5;74.6;20.3;64.8;14.9;14.2;10.7;NaN;10;NaN;115.7;143;14.4;3247.3;66;7.4;7101.2;4466;2468;44.2;0.4;114.6;98472;38.1;6151;0;13349;100.9;134.3;8;217;74;51536;1;1;0;0;0;0;63.1;39.7;3.2;110.9;90.2;6.9;1.4;49.3;203;76.8;3.8;130.2;31;62;718.5;35.9;9.9;6.9;5.2;24.6;30.4;34.8;27.5;313.3;37;52.7;30.7;66.5;1;39.4;NaN;NaN;6;38;1859;56;249
Республика Калмыкия;2008;20789.7;71450.7;0.1;894;44.5;55.5;1081;69;63.1;75.1;20.2;64.6;15.2;15;10.2;NaN;11.5;NaN;114.5;148;16;3971.7;66;7.4;9083.1;5651;3022;38.5;0.4;116.1;106663;37.9;7950;0;13533;96.9;122.8;8;214;80;56853;4;2;0;0;0;0;70.9;59.5;2.9;101.1;98.9;6.9;1.4;49.3;203;82.1;3.5;121.8;30;56;665.6;24.1;8.9;6.5;9.1;23;29.9;35.8;24.1;290.6;30.3;48.5;30.1;55.2;4.1;31.8;NaN;NaN;4;39;1880;35;172
Республика Калмыкия;2009;23948.1;82586.8;0.1;289.7;44.6;55.4;1080;68.6;62.5;75;20.2;64.1;15.7;14.7;10.7;NaN;12.8;NaN;114.2;146;16.6;5399.5;68;23.5;10848.7;7097;3440;35.5;0.4;107.2;114142;38.6;8824;0;13255;131.2;104;7;199;90;64191;5;6;0;0;0;0;2.2;56.5;2.9;100.3;99.7;7;1.4;49.2;203.3;84.2;3.4;118.8;34;64;685.5;27.7;8;5.5;5.9;21.4;28.6;36.1;25.9;314.1;30.2;46.4;30.9;54.7;0.8;43;163;13.8;2;35;1594;52;157
Республика Калмыкия;2010;24404.1;84359.4;0.1;288.9;44.1;55.9;1079;69.4;63.9;75.1;20.4;63.4;16.2;15.3;11;549;9.5;1.9;114.6;149;14.8;6581;70;24.2;11601;7774;3867;35.7;0.4;112.6;119600;42.3;6970;0;8223;125.7;105.1;7;203;74;62.7;1;1;0;0;0;0;31.1;68.9;2.7;95;105.3;7;1.4;46.7;214;84.4;3.4;118.4;24;42;680;25.8;7.8;8;5.3;17;30.9;37.5;20.3;311.9;28.4;43.6;26.8;41.9;1;43;156;14;3;29;1401;34;138
Республика Калмыкия;2011;29318.7;101873.2;0.1;287;44.4;55.6;1083;70.8;65.2;76.6;20.7;62.4;16.9;14.6;10.1;526.1;5.7;1.8;113.6;149;14.2;7139;71;24.7;12559;8829;4742;35.8;0.4;107.2;113426;44.9;9779;2;8003;119.9;119.2;7;190;71;80.8;9;2;8.5;0;0;1.1;5.3;65.7;2.7;95.8;104.4;7.1;1.4;50.1;199.8;85.6;3.3;116.8;22;41;667.9;25.4;9.8;4.8;6.9;16.1;28.8;37;23.1;314.6;20.6;44.8;27.7;48.1;0.9;44.4;150;12.4;4;33;1320;39;78
Республика Калмыкия;2012;35897.8;125773.9;0.1;284.1;44.7;55.3;1082;71.2;65.8;76.8;21;61.3;17.7;15;10.1;509.9;7.7;1.9;113;145;13.1;7877;72;25.3;15041;10190;5657;30.7;0.4;107.6;113022;48.2;13825;2;7153;99.5;111;6;181;71;76.8;10;3;55.6;17.9;0.4;1.2;0.7;53.3;2.6;92.3;108.3;7.7;1.5;51.9;192.5;87.8;3.2;114;19;33;719.8;28.3;10.7;4.9;7.7;16;46.3;29.8;23.2;320.5;22.8;45.7;30.1;55.6;1;54.2;134;8.3;4;20;1311;34;73
Республика Калмыкия;2013;41165.9;145420.8;0.1;282;44.9;55.1;1084;71.4;65.7;77.3;21.3;60.2;18.5;14.6;9.9;505.5;7.7;1.9;112.3;142.1;12.5;8598;73;25.9;17470.8;11310.8;6199;35.4;0.4;107.8;124357;49.1;15282.5;12;5823;113.3;98.3;6;183;78;68.2;64;6;8.7;2.5;0;4.8;0.9;34.7;2.6;93.3;107.2;7.8;1.5;53.5;186.8;86;3.3;116.3;18;30;694.3;24.2;9.8;4.7;13.3;12.5;42.9;18.1;24.6;326.3;22.6;50;21.2;40.6;0.9;46.2;128;7.6;7;26;1220;26;81
Республика Калмыкия;2014;46680.6;165949.9;0.1;280.6;45.1;54.9;1084;72;67;77;21.5;59.1;19.4;14.1;9.9;452.4;9.5;1.9;111.9;146.7;10.9;9320;74;26.4;19341.3;12398.4;6858;34.7;0.4;111.1;151392;49.3;22609.2;2;5503;101.9;100;6;213;77;75.8;38;7;15.2;3.7;0.1;2.4;1.3;21.3;2.5;87.3;114.5;7.8;1.5;54.1;184.7;85.9;3.3;116.4;16;28;660.6;28.9;9.4;4.6;11.9;10.8;29.6;19.1;22.4;331.1;26.1;41.8;19.9;36.2;0.8;43.3;122;7.8;5;14;1029;26;62
Республика Калмыкия;2015;51958.5;185798.9;0.1;278.7;45.2;54.8;1083;72015;67;77.3;21.7;58;20.3;13.6;9.8;472.5;8.6;1.8;111.8;144.5;10.7;10306;76;27.3;20108.5;14230.4;8694;33.6;0.4;111.4;175274;44.3;16605.4;-1;5433;100.1;115.6;6;175;79;75.3;48;23;4.4;19.5;0.6;2.4;1.1;1.1;2.4;86.2;116;7.6;1.5;53.3;187.7;88.4;3.2;113.1;14;24;658.5;40.7;9;3;11.1;10.3;36.1;17.5;23.7;302.5;28.7;43.9;22.6;40.8;0.8;43;121;8.5;7;12;1135;22;37
Республика Калмыкия;2016;69564.2;249989.8;0.1;277.8;45.3;54.7;1083;73.4;67.8;78.9;21.9;56.9;21.2;12.4;9.8;427.7;6.5;1.7;112.3;144.9;10.6;15585;78;28.1;21318.4;15695.6;9054.6;31.6;0.4;105.4;195857;45.8;9138.9;0;4739;93.1;101.8;6;184;75;71.6;17;20;52.9;41.7;0.5;2;1.5;0;2.2;77.4;129.2;7.6;1.4;52;192.4;88.9;3.1;112.5;15;28;719.9;27;8.9;3.1;13.3;10.5;20;20;25;358;34.5;43.6;19.9;58.5;1;43.8;122;8.7;7;15;1060;28;62
Республика Калмыкия;2017;80126.9;289676.6;0.1;275.4;45.4;54.6;1084;73.5;68.6;78.4;21.9;56;22.1;11;9.9;405.5;4.8;1.5;111.1;140.3;10;10585;78;28.3;22918.6;16261.3;9687.6;27.3;0.3;103.3;203657;49.8;11222.9;0;4252;115.1;102.2;6;158;56;67.8;11;28;6.2;40.9;0.7;2.5;0.5;0;2.2;78.2;127.8;7.6;1.5;53.7;186.3;90.7;3;110.2;13;26;703.6;22;8;3.3;9.5;6.4;22.3;21.7;36.5;355.9;37;42.4;22.1;51;1.5;40.3;119;7.1;3;15;1095;23;46
Республика Калмыкия;2018;86107.1;314225.2;0.1;272.6;45.6;54.4;1082;73.8;68.9;78.6;21.9;55.1;23;11.1;9.7;399.3;6.2;1.6;108;137.8;9.7;11971;79;29;26048.4;17081.9;10610.6;23.6;0.3;104.3;226959;50.8;12422.7;4;4072;118.1;104.7;6;147;53;77.9;38;18;18.2;189.2;3.4;5.6;0;4.6;2.1;78.3;127.7;7.5;1.4;51.8;193.2;92.5;2.9;108.2;12;24;685.6;21.8;6.9;3.2;9.3;15.3;21.2;21.5;24.1;365.4;24.2;44.6;20.6;43;1.4;40.9;NaN;NaN;4;14;NaN;19;62
Республика Калмыкия;2019;88948.9;327149.3;0.1;271.1;46.2;53.8;1083;74.8;69.3;80.3;21.7;56;22.3;10.3;9.4;401.3;1.4;1.5;104.3;132.8;9.2;12611;78;28.8;28617.4;18507.5;11295.8;23.5;0.3;103.3;333220;48.8;15850.5;1;3773;97.9;102.8;6;149;52;90.7;25;22;18.4;152.1;1.6;1.5;4.4;0.7;2.1;78.8;126.9;7.5;1.4;50.2;199.1;92.3;2.9;108.3;10;22;743.2;19.7;6.9;3.7;7.2;7.2;27;22.2;32.5;408.1;22.8;44.9;31;42.3;0.8;46.6;NaN;NaN;6;18;NaN;NaN;NaN
Республика Калмыкия;2020;NaN;NaN;NaN;269.9;46.2;53.8;1082;72.9;67.9;77.9;21.4;55.5;23.1;10.2;11.1;445.1;2.9;1.5;104;135.4;9.6;13269;77;28.5;32013.3;19811.2;11496.2;22.7;0.3;106.3;372535;47.6;37645.5;0.1;3676;93.9;101.9;6;163;50;146.6;11;13;31.5;63.9;0.5;2.8;2.6;0.3;2.1;77.3;129.3;7.6;1.3;49.9;200.6;93.4;2.9;107;8;18;650.8;14.9;3.9;2.1;3;5.3;11.1;20.9;13.3;390.2;13.5;26;9.3;29.6;1.3;33.1;NaN;NaN;3;15;NaN;NaN;NaN
Республика Крым;2014;189439.2;100526.4;0.3;1895.9;50.7;49.3;1177;70.7;65.7;75.6;16.9;56.1;27;12.9;15.3;558.2;6.2;1.8;NaN ;NaN ;NaN ;NaN ;NaN ;NaN ;NaN ;10769;NaN ;NaN ;NaN;142.5;772102;63.4;26446.8;-15;13990;104.3;97.8;15;1550;270;511.9;66;8;25.8;151.2;0.7;11.5;97.9;57.9;16.3;86.1;116.1;24.9;8;42.2;237;106.4;17.8;94;20;36;537.4;32.3;8.4;2.1;10;5.6;24.4;25.1;30.5;219.5;11.6;46.3;18.2;35.8;1.6;42.5;NaN;NaN;21;52;968;97;287
Республика Крым;2015;265970.6;139873.3;0.4;1907.1;50.9;49.1;1175;70.5;65.3;75.6;17.3;55.3;27.4;12.6;15.3;590.7;6.2;1.8;852.7;964;7.2;11460;565;29.6;22440;15658;14202;23.1;0.3;127.6;2033676;71.7;47582.3;-3;28632;127.2;96.4;23;1676;311;1235.9;135;175;596.8;772;1.2;5.1;79.3;100.1;14.8;77.6;128.8;33.3;8.2;42.8;233.5;97.9;19.5;102.1;21;38;528;18.8;7.6;2;9.6;5.7;21.1;21.9;36;236.2;12.7;26.8;15.9;36.1;2.1;62.9;217;71.1;23;7;1464;136;608
Республика Крым;2016;327739.3;171623.8;0.4;1912.2;50.9;49.1;1173;70.7;65.6;75.8;17.7;54.6;27.7;12;15.2;606.5;5.2;1.8;825.4;901.1;6.8;16543;575;30.1;24140;17825;14730;23.3;0.3;107.2;2055243;73.3;74795.3;-9;31880;120.2;100.3;21;2096;305;1.3;177;143;615.2;1091.9;1.1;2.3;47.7;67;14.5;76;131.6;33.8;8.4;44.2;226.4;93.3;20.5;107.2;21;39;520.2;18.1;9.3;2;9.1;6;20.3;21.7;24.9;235.1;15.2;29.3;16.5;34.9;1.6;60.1;213;87;31;7;1244;102;562
Республика Крым;2017;346100.4;180925;0.4;1913.7;50.9;49.1;1172;72;67.1;76.6;18;53.9;28.1;10.9;14.4;524.3;5.3;1.6;840.4;915.5;6.4;11543;575;30;26165;19818;15401;19.4;0.3;101.4;2212391;68.5;196193;-60;33077;102;96.4;20;2113;930;1.4;225;105;620.8;1404.7;1.4;3.5;30;63.7;15.1;79;126.7;36.1;8.4;44.1;226.6;94.9;20.2;105.4;18;38;506.8;19.7;9.5;2;10.2;18.4;19.8;20.1;23.2;222.5;16.2;25.5;16.7;38.8;1.8;59.6;268;77.5;29;83;1135;84;479
Республика Крым;2018;437438;228692.9;0.5;1911.8;50.9;49.1;1172;72.2;67.3;77;18.2;53.3;28.5;10.6;14.1;537.1;3.9;1.6;420.4;901.5;6;12661;587;30.7;29640;21524;16602;17.3;0.3;105.5;2241915;66.3;296423.1;-10;33202;107.9;88;20;1995;391;1503;160;176;602.1;1083.9;0.8;2.5;23.8;56.5;14.6;76.3;131.1;35.5;8.7;45.7;218.7;93.7;20.4;106.7;16;34;524.9;20.8;11.3;1.9;11.2;7.4;19.7;22.3;24;223.5;20.9;26.5;20.8;40.1;2.8;56.5;NaN;NaN;23;14;NaN;95;451
Республика Крым;2019;469281.3;245411.7;0.5;1912.6;51;49;1170;72.7;67.8;77.4;18.4;54.1;27.5;10;14;513.8;4.6;1.6;414;917.4;5.6;13309;582;30.4;32748;22364;18057;17.2;0.3;102.6;2839003;55.6;223793.2;0;32291;112.6;119.3;24;2045;411;1412.5;146;187;764.1;194.5;0.1;4.6;33.7;60.5;14.8;77.4;129.1;37;8.5;44.3;225.6;96.5;19.8;103.6;15;35;561.8;18.4;10.6;2.1;15.6;8.4;20.4;25.1;24.9;234.7;18.9;28.1;29.5;44.5;2.5;59;NaN;NaN;31;18;NaN;NaN;NaN
Республика Крым;2020;NaN ;NaN ;NaN ;1901.6;50.8;49.2;1171;71.2;66.2;76;18.4;53.9;27.7;9.9;16.1;584.2;5.4;1.6;416.4;924.1;6.3;13981;575;30.2;34181;22950;17997;17.3;0.3;105.2;2758289;56.5;195807.8;-2;31370;102.6;86.3;28;2217;445;1583.5;139;101;7763.1;1714.2;0.7;4.8;33.9;41.2;15.8;83.1;120.3;35.5;8.6;45.2;219.9;94.9;20;105.4;15;33;510.4;14.5;9.1;1.6;9.5;7.8;15.4;18.4;22.5;234.7;13.4;23.1;21.6;38.6;2.1;47.7;NaN;NaN;37;15;NaN;NaN;NaN
Севастополь;2014;30148.6;78009.3;0.1;399;92.4;7.6;1157;72.3;67.1;77;15.3;57.2;27.5;12.6;14.3;498.9;5.6;1.6;NaN ;NaN ;NaN ;NaN ;NaN ;NaN ;NaN ;NaN ;NaN ;NaN ;NaN;136.1;1681;33.4;3385;-12;5690;NaN ;97.5;5;914;224;267.4;27;0;0.1;7;0.5;4.8;15.9;86.1;2.8;70.5;141.9;8.3;1.6;41.1;243.1;121.3;3.3;82.4;24;46;561.8;34.7;14.2;1.3;4;9.4;23.7;20.2;17;252;10.9;46;18.5;21.3;1;45.5;NaN;NaN;1;19;1476;22;21
Севастополь;2015;48663.3;119384.5;0.1;398.9;92.4;7.6;1143;70.7;64.7;76.2;16;56.8;27.2;13.5;14.9;609.2;4.9;1.8;172.2;199;8.3;12544;110;27.6;21848;17774;16118;15.1;0.3;121;41435;54.3;5081;4;9430;165.5;86.3;12;1288;360;650.2;73;110;NaN ;0;0;0;18;38.2;2.7;65;153.8;8.4;1.7;41.6;240.5;118.2;3.5;84.6;23;41;508.2;26.6;10.8;1;2.8;11.3;23.3;19.8;12.9;224.6;12.9;43.1;22.5;18.6;0.7;44.7;8;7.5;2;18;2030;33;69
Севастополь;2016;89303.8;211366;0.1;416.3;92.6;7.4;1135;71.6;66.1;77.1;16.5;56.4;27.1;12.7;13.9;551.6;4.8;1.7;171.3;193.2;6.2;17644;112;26.9;24256;26238.6;23819;11.7;0.4;106.5;79004;68.9;18547;2;10548;115.5;107;8;692;270;653.1;128;79;51.5;991.2;12.8;3.3;6;33.5;2.6;60.2;166.1;8.2;1.7;40.2;248.7;127.7;3.4;78.3;21;39;515.8;25.2;12.5;1.4;5.9;12.6;22.2;23.8;13.4;227.9;13.4;36.9;23.8;20;1.4;43.8;8;8.2;4;22;1350;16;100
Севастополь;2017;101280.9;234060.8;0.1;428.8;92.8;7.2;1128;73.4;68.5;78;16.9;56;27.1;11.2;13.1;436.2;4;1.6;182.1;202;4.6;12644;112;26.1;27687;28129.8;25402;10.9;0.4;103.8;52424;41.2;49511.8;0;11214;100.5;100.6;9;653;275;813.8;72;49;45.9;725.5;5;3.2;5.5;14.9;3.6;82.6;121;8.7;2;46.8;213.8;107.1;4.1;93.4;20;43;531.9;30.4;14.7;1.8;14.4;13.8;20.1;22.5;14.6;221.6;15.7;40.3;25.1;16;2.1;54.7;10;9.2;5;23;1123;27;57
Севастополь;2018;121666;276550.7;0.1;436.7;92.9;7.1;1123;73.6;68.6;78.4;17.2;55.6;27.2;10.1;12.8;468.7;2.8;1.4;198.8;218.3;4.2;13788;115;26.3;31814;28834.2;25498;10.8;0.4;105.1;70463;51.2;42794;-7;11422;65.5;96.1;9;1048;274;826.1;65;102;83.3;781.8;4.5;12.6;4.6;9.6;3.6;80.1;124.8;8.8;2.1;47.3;211.4;111;4;90.1;16;38;490.8;27.4;16;1.5;14.6;12;20.1;22.8;17.1;188.7;14.8;47.9;25.1;17.5;1.8;42.4;NaN;NaN;3;25;NaN;12;47
Севастополь;2019;136927.4;306891.7;0.1;449.1;93.2;6.8;1123;73.5;68.7;78.1;17.4;56.5;26.1;9.6;13;452.1;3.5;1.4;199.5;221;3.9;14484;115;25.6;34621;30261.3;26143;11.6;0.4;102.5;125677;36.2;42762.5;-14;10940;191.1;116.4;9;1105;287;1182.4;57;63;554.7;888.8;5.7;6;6.4;6.3;3.5;77.8;128.5;9.2;2;45.4;220.5;124;3.6;80.6;16;40;564.5;28.5;17;1.4;30.5;12.6;21.2;22.8;18.4;219.3;22.7;46.5;25.3;22.4;2.1;54.1;NaN;NaN;3;29;NaN;NaN;NaN
Севастополь;2020;NaN ;NaN ;NaN ;509.9;94;6;1111;73.6;68.7;78.3;17.8;57.2;25;8.7;13.2;448.3;3.6;1.3;194.3;217;4.6;15203;115;22.6;36300;29956.5;24515;11;0.3;105.7;77573;36.8;26913;0.4;10987;94.5;90.3;9;1090;287;1179.2;54;46;761.2;1710.9;5.9;17.6;4.8;5.1;4.1;80.5;124.2;9.6;2.3;44.6;224;131.6;3.9;76;14;37;485.6;19.4;12.2;0.7;9.4;10.2;13.4;18.4;13.9;228.7;11.2;31.9;20.5;13.5;3.4;45.6;NaN;NaN;7;25;NaN;NaN;NaN
